datetime,high,low,close,open,volume
2018-01-01,13818.55,12750.0,13135.0,13715.65,6970.441076
2018-01-02,14750.0,12890.02,14580.0,13135.0,16359.34734
2018-01-03,15473.49,14150.0,14749.97,14576.87,19457.238601
2018-01-04,15280.0,13918.04,14811.0,14710.0,18783.876561
2018-01-05,17118.13,14600.0,16579.0,14805.01,22383.657333
2018-01-06,17176.24,16011.21,16769.89,16579.0,20207.444304
2018-01-07,17143.13,15610.0,16019.25,16775.0,14684.026607
2018-01-08,16500.0,12812.0,14900.0,16020.58,24892.244119
2018-01-09,15500.0,14011.05,14803.44,14900.0,14683.267154
2018-01-10,14863.93,13131.31,14548.32,14803.46,18317.225351
2018-01-11,14968.68,11400.0,13661.5,14548.32,29883.340941
2018-01-12,14109.78,12500.0,13405.28,13661.35,19909.871544999998
2018-01-13,14580.0,13350.0,14259.37,13379.69,12690.13287
2018-01-14,14348.19,12569.2,13265.0,14259.37,16420.297199
2018-01-15,14249.99,13081.0,13827.95,13265.0,14435.813543
2018-01-16,13891.01,10575.35,10993.18,13811.01,44935.649544
2018-01-17,11523.3,9035.0,9650.0,10993.13,75283.367933
2018-01-18,11878.82,9640.0,11465.0,9651.0,57025.04753
2018-01-19,11795.0,10360.0,11185.1,11465.0,39463.662911
2018-01-20,13099.0,11047.0,13035.0,11185.1,29034.166895000002
2018-01-21,13050.12,11024.0,11344.57,13035.02,38457.18497
2018-01-22,11926.35,10139.97,10399.81,11344.57,40270.394988
2018-01-23,11399.0,9900.24,11200.0,10399.82,41347.547863
2018-01-24,11570.48,10500.0,11069.09,11199.13,29674.204772
2018-01-25,11794.05,10950.21,11250.0,11068.79,21799.945080999998
2018-01-26,11643.0,10311.15,11033.0,11245.0,32770.570133
2018-01-27,11625.0,10800.93,11485.0,11039.0,18668.633827999998
2018-01-28,12244.0,11400.0,11783.0,11484.94,17845.376061
2018-01-29,11999.98,11139.55,11379.02,11783.05,14696.78337
2018-01-30,11410.0,9900.0,10073.79,11394.75,20058.467524
2018-01-31,10600.0,9700.0,10054.11,10090.0,23688.962331
2018-02-01,10335.0,9011.51,9130.03,10061.19,25257.822556
2018-02-02,9560.01,8010.02,8647.91,9130.3,54378.491924
2018-02-03,9459.6,8229.0,9399.0,8647.91,30086.95974
2018-02-04,9473.01,8300.0,8349.04,9400.0,25927.872219
2018-02-05,8474.0,6929.83,6965.13,8359.99,50871.968584
2018-02-06,7543.99,6000.01,7180.01,6966.46,104991.208357
2018-02-07,8476.0,7150.01,8225.0,7180.01,67124.49181400001
2018-02-08,8259.12,7531.11,7784.02,8225.0,13118.940166
2018-02-09,8738.0,7789.9,8624.6,7789.9,14419.136241
2018-02-10,9065.78,8120.0,8272.59,8624.59,45930.989969
2018-02-11,8572.0,7726.53,8313.33,8272.92,48282.328173
2018-02-12,8840.82,8015.0,8685.24,8321.22,39195.083613
2018-02-13,8989.0,8351.0,8569.69,8685.27,38804.448453000005
2018-02-14,9400.0,8461.0,9286.03,8569.69,39594.087518
2018-02-15,10219.5,9170.0,10063.75,9286.03,49965.852865
2018-02-16,10323.37,9666.0,9945.0,10056.11,42039.722386
2018-02-17,10877.91,9881.53,10752.96,9945.0,40210.153895999996
2018-02-18,11274.0,10080.0,10745.0,10752.95,59818.321938
2018-02-19,11250.0,10270.33,11082.94,10743.04,42535.552808
2018-02-20,11748.01,11005.0,11691.03,11093.98,41084.936981
2018-02-21,11786.01,10312.12,10501.04,11691.05,70124.511758
2018-02-22,10933.44,9679.0,9868.95,10501.04,69830.218385
2018-02-23,10435.0,9570.19,10180.04,9862.33,57307.81154
2018-02-24,10496.97,9556.0,9560.26,10184.28,42446.110345
2018-02-25,9847.0,9274.8,9410.02,9560.26,30679.118339
2018-02-26,10400.0,9350.0,10251.07,9417.0,34523.214749
2018-02-27,10870.0,10121.0,10638.29,10251.07,32081.103724
2018-02-28,11098.0,10375.54,10480.98,10638.3,29603.122177
2018-03-01,10938.0,10240.0,10915.57,10480.88,23946.971345
2018-03-02,11200.0,10770.0,10909.99,10915.56,26499.023507
2018-03-03,11544.0,10837.97,11510.0,10909.99,20880.256873000002
2018-03-04,11539.96,11050.02,11370.0,11510.0,17306.23269
2018-03-05,11676.99,11291.01,11650.0,11370.01,15377.667641
2018-03-06,11710.0,10690.0,10697.95,11650.0,26900.571766
2018-03-07,10899.0,9389.31,9700.76,10697.94,47816.912726
2018-03-08,10138.04,9060.0,9327.67,9700.0,43767.491452
2018-03-09,9471.0,8329.0,8894.62,9325.09,59690.728989
2018-03-10,9490.0,8653.88,9080.0,8894.62,39834.19922
2018-03-11,9711.0,8450.0,9589.02,9080.0,44294.253382
2018-03-12,9888.88,9004.0,9210.0,9589.02,40776.185360999996
2018-03-13,9474.0,8780.0,9130.65,9210.0,44487.865459
2018-03-14,9333.78,8201.0,8250.17,9142.51,40917.240369
2018-03-15,8430.0,7650.0,8126.0,8252.01,59409.644348
2018-03-16,8611.64,7900.0,8507.13,8126.0,40465.232978
2018-03-17,8588.88,7758.0,7818.95,8506.61,31034.609795
2018-03-18,8050.0,7322.0,7436.0,7820.0,47402.697423
2018-03-19,8705.23,7379.82,8298.98,7440.0,66884.141134
2018-03-20,8891.3,8280.0,8820.0,8298.98,42863.35494
2018-03-21,9177.01,8750.6,8879.0,8820.0,44002.689065
2018-03-22,9100.0,8465.1,8661.0,8880.0,41076.61353
2018-03-23,8770.0,8269.0,8622.01,8648.26,39541.055995
2018-03-24,8999.95,8559.25,8916.01,8618.02,32273.50243
2018-03-25,8968.0,8365.77,8610.47,8916.01,32907.704337
2018-03-26,8669.85,7860.0,7883.0,8610.0,38822.314294
2018-03-27,8268.5,7730.0,7870.01,7883.06,42064.938403
2018-03-28,8109.0,7728.0,7944.69,7870.01,28507.048756
2018-03-29,8009.0,7334.0,7435.01,7940.12,38660.552771
2018-03-30,7478.94,6600.1,6738.58,7435.01,76318.902248
2018-03-31,7223.36,6710.0,7021.0,6738.58,39645.831778
2018-04-01,7068.9,6430.0,6815.0,7021.0,42111.194843
2018-04-02,7125.0,6753.0,6979.89,6815.27,34874.545429
2018-04-03,7499.99,6890.0,7466.0,6974.07,36433.089811
2018-04-04,7520.0,6721.0,6850.0,7466.85,42227.818712
2018-04-05,6902.0,6566.69,6700.0,6850.0,40419.522743
2018-04-06,6850.0,6500.0,6589.0,6708.71,29148.426809
2018-04-07,7070.0,6516.67,6985.71,6589.99,31412.081083999998
2018-04-08,7109.13,6850.01,6999.99,6985.73,22718.92808
2018-04-09,7185.0,6676.5,6750.01,6999.99,31783.691086
2018-04-10,6874.0,6611.0,6853.0,6750.01,23781.929182
2018-04-11,6990.0,6768.01,6899.75,6853.0,23410.51131
2018-04-12,8012.23,6743.2,7689.89,6899.75,59200.168391
2018-04-13,8233.39,7680.0,8117.84,7688.67,51872.517692
2018-04-14,8186.0,7768.47,8028.0,8117.93,40739.341215
2018-04-15,8429.54,7941.0,8321.02,8028.0,28536.393681
2018-04-16,8419.0,7867.0,8020.0,8321.5,35979.965939
2018-04-17,8173.7,7912.08,7945.17,8020.0,27954.218139
2018-04-18,8149.89,7825.4,8109.0,7941.97,29490.943476
2018-04-19,8296.0,8080.0,8274.57,8109.0,29014.334892
2018-04-20,8577.9,8177.09,8505.01,8274.57,33998.039543
2018-04-21,9035.0,8490.0,8779.97,8505.04,46638.265685
2018-04-22,9020.67,8707.0,8948.8,8780.0,27251.466432
2018-04-23,8985.0,8727.68,8893.99,8948.8,27843.535442
2018-04-24,9420.0,8800.6,9410.99,8894.0,38860.782794
2018-04-25,9759.82,8730.0,8991.03,9410.99,82692.026533
2018-04-26,9185.01,8651.62,8845.09,8991.04,43964.483869
2018-04-27,9395.0,8838.35,9230.89,8845.1,37434.465606
2018-04-28,9427.48,8870.0,9390.52,9230.89,39213.115265
2018-04-29,9570.51,9163.74,9344.0,9398.98,38776.43008
2018-04-30,9458.64,9124.99,9350.0,9344.0,32496.754763
2018-05-01,9359.48,8800.49,8985.0,9351.0,42487.372623
2018-05-02,9217.3,8962.0,9125.0,8985.0,26127.788903
2018-05-03,9779.0,9068.5,9684.99,9136.68,37319.89534
2018-05-04,9844.0,9520.85,9649.97,9690.0,31965.542150999998
2018-05-05,10020.0,9631.03,9888.73,9649.95,24422.687782
2018-05-06,9970.0,9417.03,9572.71,9888.73,28788.86337
2018-05-07,9689.67,9181.0,9376.7,9572.71,31834.945135
2018-05-08,9475.7,9060.54,9217.0,9376.66,27104.438189
2018-05-09,9390.0,8965.0,9288.88,9217.0,25576.178321
2018-05-10,9395.12,9065.0,9130.0,9288.88,22850.892396
2018-05-11,9134.98,8462.0,8606.93,9129.99,45804.008878
2018-05-12,8684.0,8153.0,8350.0,8603.85,43309.711908
2018-05-13,8700.96,8298.0,8634.5,8349.0,25766.066065
2018-05-14,8823.99,8277.0,8729.95,8634.48,36379.691802
2018-05-15,8879.99,8427.0,8508.4,8729.45,29297.614938
2018-05-16,8588.64,8083.01,8266.5,8508.4,32675.409537
2018-05-17,8464.0,8101.0,8154.0,8266.5,20902.187504
2018-05-18,8241.91,7911.9,8200.0,8154.0,27297.078954
2018-05-19,8390.8,8095.73,8289.0,8202.67,18030.43665
2018-05-20,8558.0,8163.9,8536.0,8286.55,19324.297136
2018-05-21,8609.0,8305.0,8341.0,8531.01,22050.550216
2018-05-22,8449.11,8145.0,8214.39,8340.99,19342.172742
2018-05-23,8233.99,7425.0,7478.95,8214.39,41586.11025
2018-05-24,7730.73,7266.99,7586.66,7472.76,41193.681922
2018-05-25,7649.55,7308.15,7418.1,7586.66,28281.800956
2018-05-26,7620.0,7344.35,7550.0,7416.98,17602.409315
2018-05-27,7620.0,7231.11,7277.0,7550.0,21276.23019
2018-05-28,7437.0,7148.16,7195.22,7276.99,24783.96551
2018-05-29,7540.0,7032.95,7455.82,7195.22,39119.916639
2018-05-30,7569.0,7260.5,7300.63,7455.82,32883.368198
2018-05-31,7699.0,7288.0,7557.09,7300.22,30082.641227
2018-06-01,7608.55,7355.54,7404.99,7557.09,29073.571513
2018-06-02,7697.33,7396.0,7660.29,7404.3,27643.387196
2018-06-03,7786.69,7600.0,7678.0,7659.14,25849.521692000002
2018-06-04,7760.52,7446.5,7498.0,7678.0,32767.485012
2018-06-05,7679.49,7358.0,7618.66,7498.0,31951.385764
2018-06-06,7690.52,7467.05,7516.59,7618.67,27256.931819999998
2018-06-07,7765.0,7502.02,7697.2,7516.57,26093.359871
2018-06-08,7707.74,7531.0,7637.63,7698.31,24050.138886
2018-06-09,7683.98,7563.3,7608.36,7637.63,17260.05878
2018-06-10,7629.94,6622.81,6760.26,7608.35,43886.830389
2018-06-11,6841.35,6610.0,6740.32,6757.49,41787.523979
2018-06-12,6922.0,6653.0,6671.31,6740.38,30517.482579
2018-06-13,6685.17,6118.68,6319.95,6678.34,52007.367829999996
2018-06-14,6720.0,6219.0,6649.87,6319.02,44534.566678
2018-06-15,6700.0,6445.0,6542.44,6644.61,31117.876485
2018-06-16,6560.0,6320.86,6508.0,6542.49,24651.391923
2018-06-17,6589.03,6435.0,6515.0,6506.19,19052.727861
2018-06-18,6794.38,6380.0,6718.15,6510.47,30113.608921
2018-06-19,6841.74,6653.0,6710.49,6718.01,28112.889353
2018-06-20,6817.23,6551.81,6757.5,6710.4,24931.694584
2018-06-21,6795.0,6672.57,6697.0,6755.4,24935.458127
2018-06-22,6748.0,6070.61,6212.96,6695.1,42996.775142
2018-06-23,6232.72,5918.94,6120.0,6212.96,34942.516039
2018-06-24,6260.0,5750.0,6172.9,6117.19,46144.067857
2018-06-25,6350.0,6061.97,6265.0,6171.34,40508.884951
2018-06-26,6290.0,6121.05,6168.73,6264.99,18346.299956000003
2018-06-27,6272.54,5971.0,6123.0,6163.58,22426.638677
2018-06-28,6190.43,6060.59,6106.86,6123.99,22194.564067
2018-06-29,6114.34,5780.0,5883.2,6107.85,35430.497443
2018-06-30,6528.99,5868.0,6316.52,5883.19,42508.954721999995
2018-07-01,6441.06,6251.0,6324.0,6315.21,25772.72758
2018-07-02,6679.71,6271.62,6641.79,6324.0,37186.536386
2018-07-03,6685.0,6519.99,6569.92,6642.99,33191.09154
2018-07-04,6784.92,6441.11,6669.65,6569.93,29432.211403
2018-07-05,6712.0,6453.33,6486.51,6674.0,34271.395791999996
2018-07-06,6648.54,6425.0,6565.14,6488.24,31161.535799
2018-07-07,6630.0,6511.44,6559.03,6565.14,21013.44709
2018-07-08,6818.16,6508.88,6754.98,6559.03,26283.313001000002
2018-07-09,6774.85,6657.02,6697.28,6754.98,25673.999563
2018-07-10,6802.06,6325.99,6374.7,6697.27,39680.48654
2018-07-11,6406.0,6263.0,6337.54,6374.26,29769.13841
2018-07-12,6381.08,6135.0,6168.99,6337.4,29101.738827
2018-07-13,6350.0,6070.0,6237.24,6169.0,26212.368902
2018-07-14,6300.0,6110.0,6236.99,6237.24,19960.453959
2018-07-15,6395.0,6205.0,6356.82,6237.0,24092.305953
2018-07-16,6714.96,6330.4,6664.87,6356.82,34654.864121
2018-07-17,7468.99,6635.58,7345.0,6663.5,45916.346178
2018-07-18,7588.08,7261.0,7429.94,7343.03,56217.766774
2018-07-19,7521.86,7225.38,7427.0,7429.94,48310.415966
2018-07-20,7700.0,7273.0,7361.0,7424.92,46734.194135
2018-07-21,7442.12,7211.0,7433.77,7361.22,31360.114334
2018-07-22,7555.0,7339.0,7520.29,7433.78,27026.437649
2018-07-23,7833.0,7335.5,7743.8,7520.01,42850.456558
2018-07-24,8371.93,7696.0,8258.35,7742.73,56703.918225
2018-07-25,8491.77,8050.0,8076.17,8258.34,49291.088489
2018-07-26,8337.6,8075.09,8245.29,8076.1,33391.514925
2018-07-27,8299.08,7805.0,8269.22,8245.29,55254.921512
2018-07-28,8285.0,8067.0,8193.65,8269.22,29190.613427
2018-07-29,8294.51,8115.0,8212.98,8193.68,25416.482008
2018-07-30,8278.78,7866.0,7963.34,8212.99,35000.858731
2018-07-31,8200.0,7656.74,7745.23,7963.02,48777.375854
2018-08-01,7777.0,7464.81,7542.5,7745.23,41757.27433
2018-08-02,7709.46,7430.0,7507.63,7542.51,40750.137147
2018-08-03,7575.0,7282.44,7470.54,7506.82,42824.990868
2018-08-04,7494.81,6926.0,6985.77,7473.29,41787.58147
2018-08-05,7089.87,6882.29,7014.7,6983.99,29786.264362
2018-08-06,7160.0,6861.06,6923.88,7015.0,31687.799442
2018-08-07,7150.46,6821.0,7104.89,6923.88,35000.137065
2018-08-08,7113.89,6123.0,6264.78,7101.03,66194.640127
2018-08-09,6550.0,6178.6,6469.65,6264.77,50851.6261
2018-08-10,6622.81,6299.82,6396.35,6470.0,51198.812079999996
2018-08-11,6488.0,5971.0,6387.89,6396.34,61989.006712
2018-08-12,6411.0,6130.0,6303.08,6385.7,31949.334957
2018-08-13,6545.0,6145.04,6240.0,6303.93,56018.207584
2018-08-14,6297.0,5880.0,6040.0,6240.0,52786.308965
2018-08-15,6609.0,6040.0,6525.94,6040.0,58669.143676
2018-08-16,6535.0,6205.6,6422.62,6526.01,58551.601489
2018-08-17,6562.72,6228.0,6519.92,6421.14,53911.256578
2018-08-18,6620.0,6288.0,6367.99,6516.26,55605.644769
2018-08-19,6469.32,6300.0,6362.71,6368.48,43232.407321
2018-08-20,6541.0,6355.0,6468.17,6362.74,47138.607104
2018-08-21,6490.0,6220.0,6450.0,6468.17,50843.499824
2018-08-22,6882.54,6384.3,6408.26,6447.99,63209.182431
2018-08-23,6494.26,6251.2,6449.52,6408.25,49031.599389
2018-08-24,6642.0,6360.0,6632.33,6449.48,38277.245363
2018-08-25,6789.0,6590.0,6706.35,6632.33,26820.124999
2018-08-26,6775.27,6568.0,6696.39,6709.88,20157.056598
2018-08-27,6768.28,6646.5,6730.01,6693.13,30233.220068
2018-08-28,7091.0,6710.2,7064.77,6730.01,48987.798427
2018-08-29,7135.0,6912.34,7008.57,7064.77,45489.434872
2018-08-30,7070.0,6784.81,6819.5,7008.56,42329.699963
2018-08-31,7089.0,6800.0,7044.49,6819.49,42368.75591
2018-09-01,7225.0,6992.02,7204.61,7046.2,38621.275002
2018-09-02,7345.45,7127.0,7308.84,7200.81,42916.434025
2018-09-03,7333.33,7191.63,7284.35,7311.69,31133.504238999998
2018-09-04,7410.0,7225.89,7358.03,7284.36,36957.868747
2018-09-05,7397.3,6851.0,6923.63,7358.49,55593.676353
2018-09-06,6995.0,6265.0,6424.59,6923.64,67311.615188
2018-09-07,6544.0,6320.0,6417.11,6422.97,40479.725198
2018-09-08,6478.0,6125.0,6186.29,6416.55,35159.387189
2018-09-09,6441.0,6111.0,6377.52,6186.28,38056.871669
2018-09-10,6400.0,6211.0,6279.46,6375.47,33702.535593
2018-09-11,6404.0,6169.68,6243.25,6280.14,33193.644921
2018-09-12,6360.0,6192.37,6315.65,6243.63,30979.744642999998
2018-09-13,6535.0,6292.51,6482.17,6316.07,38699.865677
2018-09-14,6584.99,6385.62,6477.95,6483.01,38853.995563
2018-09-15,6565.45,6449.38,6523.02,6476.06,27508.481172
2018-09-16,6539.1,6370.0,6487.96,6522.99,26766.596324
2018-09-17,6533.84,6225.0,6298.0,6487.95,33601.542973
2018-09-18,6390.0,6201.0,6335.0,6297.99,34281.69138
2018-09-19,6369.04,6123.0,6167.4,6334.51,30788.063593
2018-09-20,6517.7,6123.0,6407.0,6160.93,28659.588912
2018-09-21,6779.01,6325.0,6739.98,6405.54,53129.679668
2018-09-22,6839.03,6627.0,6741.98,6737.01,36769.86677
2018-09-23,6788.23,6661.75,6707.4,6741.97,27514.367178
2018-09-24,6730.0,6563.14,6645.15,6707.37,34048.787371
2018-09-25,6650.0,6325.02,6347.58,6645.15,38734.327242
2018-09-26,6557.99,6345.85,6520.01,6348.0,34190.839851
2018-09-27,6540.0,6430.0,6526.98,6520.01,28901.53216
2018-09-28,6814.8,6510.69,6650.21,6526.09,45518.704993
2018-09-29,6700.0,6464.57,6592.03,6650.26,33204.445084
2018-09-30,6662.0,6542.48,6624.03,6592.02,26385.600745
2018-10-01,6667.09,6510.0,6592.82,6624.07,21894.386322
2018-10-02,6640.0,6494.0,6572.01,6591.0,28735.092819
2018-10-03,6586.0,6430.0,6497.43,6571.03,28023.571412
2018-10-04,6643.46,6450.73,6608.08,6494.0,21239.815131
2018-10-05,6632.98,6543.08,6591.02,6608.16,14297.574587
2018-10-06,6697.0,6566.77,6591.0,6591.02,13762.376082
2018-10-07,6609.83,6525.0,6594.27,6591.0,18368.393129
2018-10-08,6715.6,6579.01,6664.45,6595.0,23085.690544
2018-10-09,6705.0,6607.0,6661.0,6664.44,12056.950495000001
2018-10-10,6674.94,6530.0,6637.2,6661.5,18783.714294999998
2018-10-11,6646.2,6219.17,6296.51,6637.2,43485.694877
2018-10-12,6360.0,6205.0,6311.44,6296.49,31412.095264
2018-10-13,6345.0,6278.0,6306.93,6311.45,22829.227504
2018-10-14,6416.0,6301.05,6397.0,6306.93,13313.693108
2018-10-15,7680.0,6300.0,6812.57,6397.0,84356.706391
2018-10-16,6900.0,6650.0,6730.66,6812.57,32038.953222
2018-10-17,6811.12,6676.01,6742.51,6728.47,29322.0479
2018-10-18,6796.0,6611.95,6634.0,6742.19,19661.830527
2018-10-19,6648.14,6551.02,6569.96,6634.0,18671.097714
2018-10-20,6617.65,6505.55,6565.15,6568.7,23648.895746
2018-10-21,6663.9,6562.2,6626.86,6565.15,5334.202558
2018-10-22,6639.0,6535.27,6563.03,6626.42,15301.089474
2018-10-23,6595.0,6515.45,6560.93,6563.3,14014.574857
2018-10-24,6630.0,6541.01,6585.99,6560.93,12105.644168
2018-10-25,6590.54,6502.8,6560.0,6585.01,11858.795646
2018-10-26,6600.0,6515.01,6539.8,6560.0,9567.175691
2018-10-27,6558.35,6463.04,6488.45,6539.38,6898.434128
2018-10-28,6514.17,6475.0,6477.26,6488.45,6157.930348
2018-10-29,6505.01,6315.0,6361.55,6477.28,13355.947286
2018-10-30,6395.0,6317.0,6338.53,6361.24,8753.097797
2018-10-31,6428.0,6245.02,6367.81,6338.53,12936.924126
2018-11-01,6400.0,6348.66,6373.94,6367.0,7686.12583
2018-11-02,6460.34,6370.0,6425.14,6373.94,10678.96719
2018-11-03,6445.0,6345.0,6373.09,6424.53,8126.497572
2018-11-04,6525.0,6359.0,6493.75,6373.09,9814.670091
2018-11-05,6504.39,6431.02,6439.94,6492.3,9665.452669
2018-11-06,6514.73,6437.0,6491.36,6444.68,10438.87299
2018-11-07,6615.15,6475.6,6577.0,6491.36,15470.080821
2018-11-08,6594.0,6471.22,6492.98,6577.0,12487.083058999999
2018-11-09,6515.0,6391.01,6426.32,6492.98,12403.449029
2018-11-10,6475.55,6391.5,6447.78,6428.62,8125.677398
2018-11-11,6465.0,6355.0,6412.36,6450.04,7695.843226
2018-11-12,6497.0,6404.0,6439.03,6410.24,10183.213338
2018-11-13,6498.0,6391.15,6457.34,6440.5,11216.775214
2018-11-14,6492.0,5829.67,5880.0,6457.34,33919.579629
2018-11-15,5939.54,5403.42,5673.89,5876.84,57068.208449
2018-11-16,5782.89,5560.05,5656.76,5673.95,36021.028858
2018-11-17,5668.91,5549.25,5606.23,5657.2,29942.790893999998
2018-11-18,5688.84,5588.89,5679.0,5607.34,22241.099608
2018-11-19,5738.17,5050.0,5058.32,5679.98,55986.717294
2018-11-20,5134.57,4405.0,4729.51,5055.96,109069.832772
2018-11-21,4787.2,4326.0,4556.0,4727.9,78412.212589
2018-11-22,4721.77,4469.84,4532.45,4555.98,36743.689548
2018-11-23,4580.0,4222.94,4349.56,4533.99,51174.123630999995
2018-11-24,4527.0,4324.15,4341.42,4348.61,34140.523121
2018-11-25,4353.55,3652.66,3860.0,4340.87,109551.256119
2018-11-26,4233.0,3701.0,3958.5,3862.58,99919.618096
2018-11-27,3987.0,3689.12,3834.01,3954.51,76195.827044
2018-11-28,4315.0,3790.0,4301.0,3835.89,82908.849426
2018-11-29,4450.38,4125.65,4271.96,4301.0,83777.45881
2018-11-30,4341.36,3943.0,4037.02,4271.98,72115.859174
2018-12-01,4299.99,3951.0,4245.08,4036.12,45622.672268
2018-12-02,4312.99,4103.04,4162.22,4245.0,37978.480827
2018-12-03,4268.0,3827.0,3901.32,4162.61,50604.052082
2018-12-04,4085.0,3781.0,3960.04,3901.32,49115.911178
2018-12-05,3980.0,3745.0,3797.99,3960.04,43565.765646
2018-12-06,3899.99,3613.13,3658.6,3797.99,61226.651622
2018-12-07,3700.0,3224.6,3255.01,3660.05,85056.839176
2018-12-08,3549.99,3222.0,3404.94,3255.01,64898.573633
2018-12-09,3658.0,3276.47,3585.0,3403.6,53035.283236
2018-12-10,3610.0,3400.12,3426.29,3585.03,39612.905001
2018-12-11,3480.0,3324.32,3375.08,3423.19,38048.290482
2018-12-12,3492.0,3350.0,3459.98,3374.2,36131.940505
2018-12-13,3472.73,3362.93,3397.11,3460.0,29221.801426
2018-12-14,3399.2,3200.0,3217.98,3397.14,49689.620413000004
2018-12-15,3281.87,3156.26,3182.73,3217.98,33394.801504
2018-12-16,3294.0,3180.0,3235.9,3183.9,26649.546631
2018-12-17,3547.0,3215.2,3539.35,3236.9,50164.568311
2018-12-18,3585.0,3424.47,3503.09,3540.06,65888.949588
2018-12-19,3912.73,3500.04,3774.55,3503.02,94417.950852
2018-12-20,4120.0,3630.23,4003.17,3773.98,98389.161053
2018-12-21,4139.99,3860.0,3916.76,4007.59,85096.241199
2018-12-22,3938.0,3764.0,3850.27,3916.76,49848.649979
2018-12-23,4021.53,3819.0,3953.29,3852.35,44169.002728
2018-12-24,4198.0,3888.0,4032.98,3953.0,60156.387045
2018-12-25,4066.0,3646.41,3706.29,4032.98,62563.114754
2018-12-26,3837.15,3656.74,3733.0,3705.35,44581.499988
2018-12-27,3813.98,3670.0,3715.0,3732.71,35993.154723
2018-12-28,3869.0,3535.0,3816.89,3715.9,52619.040166
2018-12-29,3892.0,3756.2,3791.85,3816.29,37490.706679
2018-12-30,3903.5,3657.9,3781.71,3791.86,37549.228489
2018-12-31,3823.0,3692.11,3741.52,3781.77,28886.516176
2019-01-01,3756.94,3630.33,3659.41,3741.27,22958.295948
2019-01-02,3865.72,3659.56,3828.87,3659.56,36236.181808
2019-01-03,3882.14,3730.0,3757.89,3827.22,32564.544557999998
2019-01-04,3800.0,3703.57,3730.0,3757.58,27512.848105999998
2019-01-05,3840.99,3729.02,3809.02,3730.41,31565.505623999998
2019-01-06,4027.71,3740.0,3989.09,3810.0,33580.898348
2019-01-07,4017.9,3921.53,3977.89,3990.0,35239.737227
2019-01-08,4069.8,3922.0,3968.46,3977.0,38300.277184
2019-01-09,4006.81,3903.0,3971.38,3969.42,29575.395784
2019-01-10,3996.01,3540.0,3573.78,3970.06,55859.67549
2019-01-11,3635.0,3540.33,3605.88,3573.78,36379.917675
2019-01-12,3658.0,3465.0,3591.92,3605.88,28532.369002
2019-01-13,3612.39,3441.3,3462.75,3591.92,25101.379807
2019-01-14,3671.87,3454.0,3628.01,3463.0,34568.590808
2019-01-15,3665.0,3578.07,3596.98,3629.32,30577.52964
2019-01-16,3645.0,3516.62,3588.75,3596.96,32218.165494
2019-01-17,3633.0,3530.39,3605.69,3588.46,29024.28484
2019-01-18,3634.7,3565.75,3582.23,3605.97,24899.750626
2019-01-19,3720.0,3566.1,3682.35,3582.56,22589.936027
2019-01-20,3693.73,3475.0,3523.0,3682.33,27263.92239
2019-01-21,3559.51,3501.0,3534.98,3523.02,18670.449384
2019-01-22,3590.8,3434.85,3588.0,3534.3,29599.212616
2019-01-23,3608.5,3543.99,3571.18,3589.71,21274.253371
2019-01-24,3576.97,3514.5,3555.88,3571.11,23915.3332
2019-01-25,3589.0,3522.51,3545.3,3555.86,19591.058474
2019-01-26,3662.94,3540.35,3569.42,3545.32,20174.684793
2019-01-27,3579.0,3486.0,3557.13,3569.98,22262.022844
2019-01-28,3571.09,3380.27,3424.01,3557.13,38974.312153
2019-01-29,3445.99,3349.92,3413.41,3424.03,29911.349289
2019-01-30,3478.0,3387.1,3469.7,3413.41,24405.400059
2019-01-31,3489.2,3418.8,3424.63,3469.72,28664.494856
2019-02-01,3479.99,3401.2,3472.01,3425.22,25085.518927
2019-02-02,3488.0,3440.29,3466.89,3472.22,17615.311263
2019-02-03,3526.4,3447.44,3466.88,3467.19,18855.799493
2019-02-04,3484.88,3426.0,3467.52,3466.88,23978.916528
2019-02-05,3478.97,3448.43,3456.0,3467.99,25461.896851999998
2019-02-06,3482.72,3380.0,3406.04,3455.95,35681.03857
2019-02-07,3426.45,3392.0,3398.98,3406.37,20215.303673
2019-02-08,3733.58,3373.1,3654.03,3398.54,43501.996325
2019-02-09,3680.02,3612.0,3640.37,3654.76,27614.241299
2019-02-10,3674.0,3609.76,3646.32,3640.06,21993.613912
2019-02-11,3684.99,3615.53,3640.39,3646.32,25690.066432
2019-02-12,3667.6,3582.34,3635.4,3640.39,28276.170263
2019-02-13,3670.0,3591.75,3612.5,3635.88,28214.482429
2019-02-14,3626.4,3568.11,3611.44,3612.48,22547.530453
2019-02-15,3653.23,3573.45,3602.37,3611.87,21619.077295
2019-02-16,3648.2,3590.0,3626.32,3602.06,18686.270438
2019-02-17,3700.11,3604.4,3616.24,3626.31,22328.493878999998
2019-02-18,3925.0,3610.0,3900.67,3616.27,63220.692696
2019-02-19,3994.52,3856.0,3950.02,3900.35,49823.462166
2019-02-20,3986.98,3870.66,3952.08,3950.02,38215.594067
2019-02-21,4016.48,3901.03,3920.85,3952.97,33156.821319
2019-02-22,3988.0,3915.33,3966.11,3921.33,24594.30936
2019-02-23,4145.41,3933.15,4092.96,3966.56,28151.877532
2019-02-24,4198.0,3712.66,3795.03,4094.26,63119.922783
2019-02-25,3871.27,3740.0,3868.77,3795.05,38697.170492
2019-02-26,3872.66,3777.0,3804.33,3869.1,31729.057308
2019-02-27,3838.85,3788.0,3809.64,3804.49,23210.906477
2019-02-28,3888.0,3677.17,3832.14,3809.64,40231.709933
2019-03-01,3855.0,3805.0,3849.79,3832.13,23258.074903
2019-03-02,3857.0,3772.25,3814.79,3848.7,21894.256371
2019-03-03,3835.0,3781.32,3808.61,3815.47,16375.868516999999
2019-03-04,3830.0,3670.69,3720.4,3808.6,33332.260218999996
2019-03-05,3877.1,3696.72,3847.13,3720.4,32513.079628
2019-03-06,3907.0,3813.09,3862.83,3848.14,25754.162018
2019-03-07,3905.4,3840.4,3885.88,3862.28,26738.45028
2019-03-08,3930.0,3862.32,3913.18,3886.63,26025.413232
2019-03-09,3971.75,3800.0,3929.6,3911.45,38903.067328
2019-03-10,3946.45,3881.69,3903.62,3929.57,23269.471086999998
2019-03-11,3936.98,3830.0,3869.08,3903.55,35510.366912
2019-03-12,3905.2,3826.06,3880.02,3869.05,29139.019769
2019-03-13,3893.56,3840.0,3866.21,3880.54,25303.17537
2019-03-14,3920.0,3810.43,3874.37,3866.19,27548.032475
2019-03-15,3939.22,3870.0,3930.52,3874.37,21513.853771000002
2019-03-16,4056.98,3905.92,3999.15,3930.48,28518.949186
2019-03-17,4012.0,3950.01,3985.89,3999.74,18270.647689
2019-03-18,4037.0,3953.33,3977.85,3985.89,23142.781384
2019-03-19,4031.0,3969.62,4004.14,3977.87,20110.415455
2019-03-20,4040.89,3980.5,4022.59,4004.46,21985.6686
2019-03-21,4069.32,3880.01,3972.44,4022.6,36637.456882
2019-03-22,4008.0,3968.25,3997.03,3971.14,20875.659394
2019-03-23,4018.83,3973.57,3992.87,3996.41,17381.817521
2019-03-24,4007.9,3975.0,3984.6,3992.87,15635.217662
2019-03-25,3999.3,3906.0,3916.72,3984.95,28345.809211
2019-03-26,3958.98,3888.71,3942.45,3916.72,34224.239293
2019-03-27,4040.36,3924.95,4018.69,3942.35,31371.192624
2019-03-28,4048.0,4002.0,4028.5,4019.18,22442.334341
2019-03-29,4123.71,4019.93,4106.0,4028.5,28940.97642
2019-03-30,4140.0,4052.0,4089.82,4106.0,21189.852101
2019-03-31,4116.12,4082.57,4102.04,4089.23,13365.743966
2019-04-01,4158.7,4067.0,4140.04,4102.04,24845.320522
2019-04-02,4841.44,4133.8,4714.21,4140.04,92263.899055
2019-04-03,5150.19,4702.0,5093.94,4714.21,90702.870019
2019-04-04,5275.01,4760.0,4844.25,5096.57,84771.06485200001
2019-04-05,5028.22,4777.0,4990.49,4845.31,45610.570044
2019-04-06,5205.0,4950.02,5142.45,4992.08,35369.764581
2019-04-07,5175.09,4928.59,5120.0,5141.85,37923.698181
2019-04-08,5305.0,5039.0,5167.15,5119.55,54196.874452000004
2019-04-09,5255.0,5076.68,5172.05,5167.0,37311.318638
2019-04-10,5422.0,5121.0,5351.79,5174.04,31802.485944
2019-04-11,5386.82,4927.0,5058.34,5351.79,61552.690043
2019-04-12,5080.58,4861.22,5033.19,5058.34,35348.644346
2019-04-13,5099.0,5002.94,5062.71,5033.85,18508.029036
2019-04-14,5087.03,5000.0,5087.0,5063.0,15025.748429
2019-04-15,5167.38,4983.0,5041.0,5087.14,27679.21344
2019-04-16,5197.72,4950.0,5151.46,5040.75,27066.734826
2019-04-17,5230.4,5144.2,5205.32,5152.45,24186.892657
2019-04-18,5273.0,5182.05,5248.78,5205.32,22090.236511
2019-04-19,5320.0,5175.0,5265.07,5248.84,25518.273712
2019-04-20,5333.42,5220.9,5287.0,5265.07,17571.798307
2019-04-21,5314.35,5165.0,5200.0,5287.23,26673.798364
2019-04-22,5380.0,5191.71,5373.13,5199.99,26242.003449
2019-04-23,5600.0,5323.0,5575.91,5373.17,40468.878065
2019-04-24,5582.2,5333.35,5368.53,5575.53,51170.696557999996
2019-04-25,5481.53,5350.07,5475.98,5369.05,29297.329702
2019-04-26,5510.0,5102.0,5245.54,5475.98,68629.16479
2019-04-27,5340.0,5237.2,5310.66,5245.48,17634.294738
2019-04-28,5342.5,5280.0,5308.47,5307.98,14163.857924
2019-04-29,5332.0,5178.8,5242.9,5308.12,20099.890256
2019-04-30,5339.98,5185.0,5305.89,5241.92,21775.853435
2019-05-01,5402.0,5290.0,5367.58,5305.89,18179.392692
2019-05-02,5538.0,5342.75,5496.1,5368.17,21537.329767
2019-05-03,5844.0,5477.57,5763.0,5496.1,46236.223255
2019-05-04,5900.0,5587.45,5669.99,5762.98,34248.71825
2019-05-05,5874.34,5664.51,5779.0,5670.0,29239.898560999998
2019-05-06,5818.0,5619.14,5796.84,5778.38,25050.267402
2019-05-07,6028.41,5732.0,5936.2,5795.73,37274.37036
2019-05-08,5970.0,5772.2,5933.39,5936.14,25367.286577
2019-05-09,6150.0,5910.01,6134.89,5935.59,26138.482256
2019-05-10,6468.92,6118.92,6439.3,6134.03,36141.25261
2019-05-11,6979.99,6270.03,6919.81,6439.3,61119.87444
2019-05-12,7521.78,6750.0,7082.98,6918.02,93567.542184
2019-05-13,7883.95,6863.0,7803.73,7084.99,73175.130515
2019-05-14,8366.0,7568.0,7831.22,7805.02,87715.98171
2019-05-15,8240.0,7599.56,8215.77,7830.91,39127.298008
2019-05-16,8320.0,7725.0,7906.44,8215.76,71758.97855
2019-05-17,7960.0,6913.0,7102.09,7906.83,87115.627324
2019-05-18,7458.0,7045.1,7266.84,7102.11,44761.536058
2019-05-19,8092.9,7230.0,7974.23,7266.56,56603.289391
2019-05-20,8275.09,7553.0,7718.52,7974.23,64362.636852
2019-05-21,8080.0,7713.68,7971.56,7722.11,57680.554097
2019-05-22,8042.32,7730.0,7907.71,7971.56,41686.383526
2019-05-23,7917.68,7461.0,7749.67,7906.9,56892.67742
2019-05-24,8130.0,7702.0,8022.39,7749.67,48260.066962
2019-05-25,8096.74,7892.0,7993.42,8020.01,32117.53869
2019-05-26,8052.6,7833.42,7990.2,7994.68,26190.339646
2019-05-27,8908.32,7990.2,8746.03,7990.2,73410.459433
2019-05-28,8823.52,8510.63,8728.78,8745.84,33003.64622
2019-05-29,8774.25,8406.6,8661.39,8727.67,35023.374586
2019-05-30,9074.26,8513.38,8652.27,8661.39,49327.011989
2019-05-31,8667.17,8005.0,8404.05,8652.28,61818.073188
2019-06-01,8626.0,8393.39,8494.49,8405.93,34075.834735
2019-06-02,8814.78,8468.0,8671.35,8495.39,29919.210345
2019-06-03,8800.95,8321.5,8563.0,8672.13,37775.285808
2019-06-04,8580.4,7606.48,7669.05,8561.49,71629.260694
2019-06-05,7888.0,7481.02,7759.93,7667.39,53303.435629
2019-06-06,7896.7,7444.58,7582.15,7762.0,39169.9676
2019-06-07,8100.0,7546.38,8055.33,7582.15,36372.919117
2019-06-08,8071.62,7751.0,7814.68,8055.33,23837.268516
2019-06-09,7943.72,7571.55,7660.98,7814.68,27138.548682
2019-06-10,8020.0,7506.66,7923.98,7660.74,39396.538962
2019-06-11,8010.0,7692.23,7862.01,7924.48,30797.295757
2019-06-12,8200.0,7788.99,8108.0,7863.45,41372.913431
2019-06-13,8275.78,8010.03,8257.56,8110.24,27986.985701999998
2019-06-14,8458.58,8144.32,8382.77,8257.56,36278.833496
2019-06-15,8864.99,8368.0,8787.44,8382.77,37731.146598
2019-06-16,9333.0,8725.17,9039.11,8787.44,57788.94525
2019-06-17,9379.38,8820.67,9259.99,9039.41,44231.212289
2019-06-18,9444.0,8950.0,9110.04,9259.89,59094.441483
2019-06-19,9206.28,8953.43,9109.0,9110.15,31114.624975
2019-06-20,9443.02,8960.0,9420.27,9108.04,31306.194098
2019-06-21,9930.0,9388.43,9897.13,9420.28,49999.361784
2019-06-22,11160.0,9810.98,10657.0,9897.05,101756.11165600001
2019-06-23,10963.25,10410.0,10906.32,10654.75,45656.16545
2019-06-24,11392.64,10620.8,11019.94,10905.4,60176.043933
2019-06-25,11503.71,10861.34,11441.42,11019.94,55116.146996999996
2019-06-26,13961.45,11384.97,13905.39,11438.57,116757.065964
2019-06-27,13970.0,10680.04,11165.54,13905.4,194531.435683
2019-06-28,12203.0,10525.1,11993.84,11165.19,110881.492011
2019-06-29,12480.0,11475.02,11998.84,11993.69,76954.167398
2019-06-30,12244.0,10933.0,11269.13,11997.64,73865.95691000001
2019-07-01,11534.05,10050.0,10307.19,11269.13,95544.312279
2019-07-02,10784.94,9727.0,10725.0,10305.08,107401.43695
2019-07-03,11513.0,10592.64,11227.64,10724.65,94850.910966
2019-07-04,12000.0,11156.29,11786.98,11224.76,71002.292805
2019-07-05,11807.1,10796.44,11200.3,11784.82,68251.858976
2019-07-06,11665.0,10805.1,11442.27,11200.3,52924.767154
2019-07-07,11498.63,11050.0,11390.4,11442.69,40442.536145
2019-07-08,11923.68,11220.0,11840.7,11394.29,43174.168824
2019-07-09,12794.73,11837.51,12555.66,11841.28,85998.923215
2019-07-10,13147.08,12100.0,12207.45,12555.66,92004.012517
2019-07-11,12225.4,11200.0,11641.19,12208.22,92799.334913
2019-07-12,11749.0,11000.0,11561.09,11642.9,68865.90405
2019-07-13,11885.0,11071.01,11135.99,11558.3,46081.277262
2019-07-14,11452.0,10295.0,10477.58,11135.84,76200.212911
2019-07-15,10940.0,9860.0,10903.12,10476.51,82144.48961799999
2019-07-16,11100.0,9501.0,9594.3,10903.11,87849.118051
2019-07-17,9923.0,9060.0,9919.98,9597.84,93454.360897
2019-07-18,10725.0,9252.0,10491.69,9919.98,83420.102501
2019-07-19,10788.0,10121.84,10380.67,10491.7,62464.990201
2019-07-20,10995.0,10350.0,10900.67,10381.71,42992.894473
2019-07-21,11068.99,10288.0,10494.08,10902.0,43057.182564999996
2019-07-22,10683.16,10167.1,10292.93,10492.21,37434.896673999996
2019-07-23,10394.0,9870.58,10096.7,10294.47,47031.458653
2019-07-24,10227.98,9525.0,9642.82,10096.71,45866.50083
2019-07-25,10175.0,9566.29,9990.88,9642.8,38351.543117
2019-07-26,9990.89,9637.0,9804.76,9990.88,29334.682816
2019-07-27,10188.66,9333.0,9401.09,9804.16,42743.905081
2019-07-28,9594.99,9343.3,9567.49,9401.94,19807.93579
2019-07-29,9729.0,9165.0,9519.55,9565.96,40363.902894
2019-07-30,9714.28,9402.0,9624.64,9520.6,30556.29979
2019-07-31,10109.8,9502.21,9974.64,9624.17,40644.891487
2019-08-01,10192.63,9863.46,10170.36,9975.52,32141.493437
2019-08-02,10670.0,10168.55,10456.24,10170.36,51485.234481
2019-08-03,10875.89,10351.24,10845.98,10456.03,34692.547737
2019-08-04,10992.1,10552.0,10906.9,10846.22,34336.660808
2019-08-05,11937.52,10777.0,11809.51,10907.23,67264.276451
2019-08-06,12330.7,11570.0,11734.08,11809.74,69484.481567
2019-08-07,12141.17,11226.7,11750.14,11735.41,69386.096587
2019-08-08,12079.51,11521.0,11661.25,11751.0,53153.774338
2019-08-09,12060.0,11550.0,11853.15,11661.57,45161.273394
2019-08-10,11985.0,11272.1,11376.13,11851.99,45883.640024
2019-08-11,11482.86,11112.11,11397.01,11375.04,24636.713549
2019-08-12,11600.0,11235.32,11419.0,11397.01,21006.663848
2019-08-13,11474.03,10788.45,10925.37,11416.79,32496.419151
2019-08-14,10981.69,10100.0,10174.16,10925.57,48411.006219
2019-08-15,10283.94,9911.0,10041.57,10174.14,34122.580933
2019-08-16,10536.03,9750.0,10409.05,10041.57,58671.89609
2019-08-17,10515.0,10000.0,10177.44,10409.48,31535.168125
2019-08-18,10500.0,10049.0,10379.1,10178.99,23661.557513
2019-08-19,10780.0,10258.6,10716.9,10380.57,34455.492176
2019-08-20,10949.96,10560.0,10753.84,10717.69,34826.233448
2019-08-21,10842.03,9858.0,10085.29,10754.84,46462.849397
2019-08-22,10242.0,9762.0,10191.52,10087.29,36056.908035
2019-08-23,10445.0,10019.79,10400.62,10191.48,25660.067199
2019-08-24,10444.32,9890.0,10063.56,10400.0,28599.098452
2019-08-25,10333.0,9966.0,10078.85,10060.5,24748.36402
2019-08-26,10604.0,9906.97,10305.55,10079.51,41985.681555
2019-08-27,10412.0,10051.08,10181.68,10305.4,31521.048551
2019-08-28,10299.0,9601.01,9720.69,10184.6,37133.31404
2019-08-29,9766.07,9320.0,9483.55,9718.53,39640.07265
2019-08-30,9630.0,9350.41,9509.75,9482.45,25034.621791
2019-08-31,9696.0,9450.35,9569.08,9509.75,16917.163675
2019-09-01,9684.51,9420.75,9599.98,9571.72,16590.180962
2019-09-02,10184.62,9577.17,10119.31,9599.98,38351.121988
2019-09-03,10773.0,10082.21,10624.02,10119.19,54685.396778999995
2019-09-04,10720.0,10369.89,10583.16,10624.59,40758.640264
2019-09-05,10799.0,10450.0,10533.45,10582.42,38175.617276
2019-09-06,10905.87,10293.34,10357.01,10535.01,56280.312373
2019-09-07,10558.0,10150.0,10456.47,10356.42,34543.290786
2019-09-08,10592.5,10208.0,10331.0,10456.47,23300.772439
2019-09-09,10480.0,10068.5,10253.8,10331.73,37423.570605
2019-09-10,10384.99,10161.51,10197.32,10253.26,24097.961284
2019-09-11,10293.0,9880.0,10069.47,10195.33,38063.058857
2019-09-12,10370.0,10040.0,10296.85,10067.39,32006.607525
2019-09-13,10448.81,10185.11,10222.21,10296.05,31152.19357
2019-09-14,10400.0,10153.0,10384.47,10222.81,25488.392351000002
2019-09-15,10419.99,10252.15,10289.45,10384.45,20326.598904
2019-09-16,10355.0,10078.0,10129.92,10289.52,25238.893061
2019-09-17,10330.0,10120.0,10226.93,10129.8,24250.771420999998
2019-09-18,10275.0,10100.0,10180.0,10226.93,25560.448803
2019-09-19,10210.0,9653.0,10029.25,10177.91,37483.979042
2019-09-20,10325.0,10015.26,10157.92,10029.91,32758.497617999998
2019-09-21,10188.17,9900.0,9992.55,10158.49,20752.242723
2019-09-22,10089.0,9853.97,9974.26,9992.14,22103.079027
2019-09-23,10075.77,9711.0,9827.12,9972.93,24817.632155
2019-09-24,9840.0,8600.02,8635.95,9825.92,52769.897975
2019-09-25,8828.16,7800.0,8344.57,8635.94,100895.206748
2019-09-26,8629.96,7750.0,8121.7,8342.27,70098.966678
2019-09-27,8159.0,7852.15,8029.66,8120.7,42191.117112
2019-09-28,8265.0,7977.0,8136.76,8029.94,36446.220498
2019-09-29,8315.0,7890.0,7981.66,8136.84,32742.688685
2019-09-30,8337.26,7710.0,8258.96,7981.66,57524.754271
2019-10-01,8500.0,8163.36,8289.0,8259.74,43939.140327
2019-10-02,8399.0,8151.22,8233.13,8289.0,26411.482606999998
2019-10-03,8393.0,8060.0,8129.72,8233.23,30173.568408
2019-10-04,8280.0,8005.0,8183.78,8130.95,28418.242994
2019-10-05,8217.47,8012.98,8060.0,8184.84,20570.125688
2019-10-06,8183.41,7785.0,7835.41,8060.0,33664.110686
2019-10-07,8299.92,7762.0,8232.03,7835.04,51962.841057
2019-10-08,8325.0,8126.81,8184.53,8231.81,35491.738216
2019-10-09,8670.0,8088.75,8590.63,8184.56,54505.594682
2019-10-10,8644.0,8414.52,8519.47,8590.63,40262.252299
2019-10-11,8779.51,8261.54,8314.84,8519.98,50832.269703
2019-10-12,8400.0,8212.38,8306.28,8312.94,23894.580716
2019-10-13,8451.37,8276.33,8424.34,8303.33,20847.120791
2019-10-14,8437.31,8160.0,8354.42,8423.55,33634.787415
2019-10-15,8403.0,8090.0,8172.54,8354.84,34199.837869
2019-10-16,8182.77,7917.0,7966.25,8173.02,34563.021401
2019-10-17,8124.92,7929.03,8073.13,7966.35,30301.446039
2019-10-18,8115.0,7816.01,7931.56,8073.11,31323.962746999998
2019-10-19,8098.1,7866.92,7976.16,7931.58,26138.957207
2019-10-20,8174.88,7870.0,8132.34,7975.77,29708.234235
2019-10-21,8333.0,8132.06,8168.42,8133.39,35052.678927
2019-10-22,8297.99,8153.65,8190.38,8168.67,29300.919671
2019-10-23,8194.39,7300.0,7506.38,8189.91,66014.937585
2019-10-24,7523.73,7337.99,7442.0,7506.37,35917.112571
2019-10-25,8799.0,7361.0,8622.0,7442.57,79814.85319
2019-10-26,10370.0,8470.38,9072.01,8622.0,162772.414654
2019-10-27,9774.98,8898.05,9632.52,9071.04,90599.472901
2019-10-28,9902.1,9254.0,9347.62,9632.52,84195.144831
2019-10-29,9550.0,9160.0,9357.06,9347.63,61880.837309
2019-10-30,9482.0,9001.01,9163.01,9356.96,64203.765092
2019-10-31,9405.0,8913.0,9229.95,9163.25,51756.574492
2019-11-01,9279.0,9013.0,9181.11,9229.96,46509.427065
2019-11-02,9373.74,9158.27,9285.0,9183.51,33159.057182
2019-11-03,9362.57,9101.0,9157.82,9284.39,25286.324469
2019-11-04,9325.0,9066.14,9264.02,9158.84,34331.094201
2019-11-05,9513.68,9175.76,9331.39,9261.84,56190.285681
2019-11-06,9440.91,9250.01,9304.15,9330.96,39077.218151
2019-11-07,9375.0,9119.0,9214.27,9303.98,37472.198829
2019-11-08,9265.88,8696.0,8820.42,9214.01,62304.790484
2019-11-09,8904.5,8724.88,8766.71,8819.11,32355.022149
2019-11-10,9147.19,8750.0,9037.98,8766.71,32448.050386
2019-11-11,9099.92,8618.68,8769.64,9037.81,46086.406631
2019-11-12,8888.0,8567.6,8750.15,8769.64,38997.787209
2019-11-13,8844.99,8702.0,8756.69,8750.96,27761.672887
2019-11-14,8800.0,8582.6,8642.92,8757.01,35060.892023
2019-11-15,8790.0,8400.0,8497.32,8643.39,45289.391799
2019-11-16,8543.0,8400.0,8483.57,8496.81,22857.111928
2019-11-17,8591.83,8350.68,8539.05,8483.92,22872.547214
2019-11-18,8635.0,8060.0,8214.88,8539.24,41811.857524
2019-11-19,8248.0,8003.0,8097.46,8215.19,46680.105248
2019-11-20,8264.29,8038.4,8104.76,8096.92,32312.327579
2019-11-21,8134.73,7500.0,7587.14,8104.24,56699.735567
2019-11-22,7750.0,6790.0,7231.78,7588.04,111885.06943100001
2019-11-23,7378.25,7080.01,7307.71,7232.85,64526.798577
2019-11-24,7330.39,6912.0,7074.48,7307.71,61705.027773
2019-11-25,7377.69,6515.0,7258.99,7074.48,122408.796855
2019-11-26,7340.0,7017.48,7094.44,7258.55,68022.819804
2019-11-27,7654.33,6840.0,7492.86,7094.88,87679.077236
2019-11-28,7655.0,7414.02,7580.86,7495.07,58463.92205
2019-11-29,7850.0,7360.0,7740.0,7581.49,65439.417679
2019-11-30,7810.0,7441.0,7475.02,7740.01,47022.890678
2019-12-01,7561.95,7210.0,7309.08,7475.03,58206.301245
2019-12-02,7436.81,7151.1,7271.01,7309.83,50043.311509
2019-12-03,7400.0,7241.35,7341.27,7271.01,34121.718588
2019-12-04,7750.0,7067.0,7471.21,7341.3,69989.787196
2019-12-05,7491.52,7100.0,7356.14,7471.2,68820.621554
2019-12-06,7590.03,7305.0,7440.41,7354.96,48879.529632
2019-12-07,7619.62,7410.67,7489.97,7440.01,35251.759507
2019-12-08,7564.0,7374.86,7518.05,7489.63,29651.983005000002
2019-12-09,7650.0,7390.0,7444.57,7517.52,39364.82248
2019-12-10,7446.91,7157.1,7226.35,7443.74,55473.904538
2019-12-11,7275.5,7125.66,7188.56,7225.26,32059.712472
2019-12-12,7295.0,7080.3,7216.85,7188.12,40148.878491
2019-12-13,7309.05,7186.12,7239.97,7216.87,29764.457604
2019-12-14,7271.77,7012.0,7096.46,7239.97,29243.902418
2019-12-15,7200.3,7008.35,7123.81,7096.53,26798.481393000002
2019-12-16,7150.0,6850.0,6924.0,7124.26,36511.536242999995
2019-12-17,6942.21,6640.77,6711.15,6923.9,48788.58528
2019-12-18,6929.2,6435.0,6860.9,6711.15,77452.640516
2019-12-19,7440.0,6852.28,7157.52,6860.9,83861.476997
2019-12-20,7220.0,7079.5,7192.0,7157.53,32056.355512
2019-12-21,7214.26,7105.0,7149.89,7192.0,21312.818274
2019-12-22,7430.0,7122.0,7392.93,7148.83,29912.708032
2019-12-23,7695.38,7355.0,7391.93,7393.0,69975.875544
2019-12-24,7437.11,7157.04,7202.96,7392.0,48518.263353999995
2019-12-25,7280.0,7128.86,7173.41,7203.45,27319.528814
2019-12-26,7400.0,7166.01,7363.37,7174.51,30134.993312
2019-12-27,7435.0,7076.42,7220.4,7362.86,42404.494709
2019-12-28,7365.01,7191.01,7341.7,7220.83,27060.066992
2019-12-29,7430.0,7288.0,7425.31,7341.7,24019.563964
2019-12-30,7528.45,7220.0,7245.12,7425.57,36525.748909
2019-12-31,7320.0,7145.01,7168.86,7245.39,27006.442203
2020-01-01,7255.0,7156.85,7240.67,7169.32,16972.418499
2020-01-02,7242.98,6924.74,6974.02,7240.8,30115.774121
2020-01-03,7405.0,6871.04,7342.96,6974.02,64786.178914
2020-01-04,7404.0,7260.01,7306.92,7342.95,32867.801592
2020-01-05,7495.0,7283.01,7438.72,7306.6,36101.260279
2020-01-06,7622.0,7318.0,7533.0,7439.02,46582.865091
2020-01-07,8137.0,7524.0,8037.69,7532.5,85851.437939
2020-01-08,8455.0,7945.72,8053.7,8038.54,112941.476084
2020-01-09,8125.57,7778.0,7810.64,8053.7,66780.939889
2020-01-10,8140.11,7672.0,8022.16,7810.68,85402.656489
2020-01-11,8253.26,7964.01,8169.14,8022.15,56219.097922
2020-01-12,8286.34,7960.0,8119.31,8169.64,46024.432606
2020-01-13,8196.0,8055.89,8107.93,8119.91,30957.288329
2020-01-14,8850.0,8101.0,8769.35,8107.92,112823.302888
2020-01-15,8916.48,8564.0,8746.85,8769.07,84358.909383
2020-01-16,8876.4,8586.0,8684.19,8746.85,58389.309535
2020-01-17,9041.65,8672.0,8920.12,8684.0,68697.50097
2020-01-18,8988.88,8806.38,8886.79,8920.5,42834.527927999996
2020-01-19,9198.98,8524.2,8650.82,8886.79,62484.672688
2020-01-20,8758.84,8466.0,8664.84,8650.78,45482.508236
2020-01-21,8746.99,8602.8,8634.05,8664.86,27591.548835
2020-01-22,8818.0,8488.0,8669.56,8634.05,41844.029215
2020-01-23,8691.81,8306.39,8339.46,8669.19,44447.070938000004
2020-01-24,8528.02,8238.0,8485.75,8340.87,42421.672075
2020-01-25,8524.0,8254.9,8341.03,8485.54,26659.406843
2020-01-26,8618.0,8293.66,8580.03,8340.9,30029.824083
2020-01-27,8888.0,8535.0,8883.05,8578.69,45380.577901
2020-01-28,9188.0,8860.54,8998.63,8884.51,74414.561263
2020-01-29,9434.94,8976.46,9372.32,8998.69,58537.134211
2020-01-30,9530.0,9204.44,9499.28,9372.31,59658.915778
2020-01-31,9578.0,9210.01,9318.67,9499.31,50812.992697
2020-02-01,9464.53,9281.0,9390.3,9318.96,30127.020841999998
2020-02-02,9477.03,9120.0,9442.75,9390.55,42247.777995000004
2020-02-03,9618.79,9234.0,9308.37,9442.01,53769.440166
2020-02-04,9350.0,9093.01,9195.57,9308.32,51991.468969
2020-02-05,9744.45,9151.0,9657.11,9195.54,58839.064546
2020-02-06,9862.57,9526.35,9769.18,9657.11,66022.47438
2020-02-07,9885.0,9660.0,9799.35,9769.18,48099.411683
2020-02-08,9888.0,9667.11,9841.76,9799.38,43248.361604
2020-02-09,10166.0,9840.0,10078.3,9841.97,45244.619801
2020-02-10,10188.0,9756.0,9842.26,10078.36,59260.632918
2020-02-11,10323.59,9700.0,10206.22,9842.25,60580.602577
2020-02-12,10450.0,10160.15,10345.78,10206.26,58377.19985
2020-02-13,10500.0,10080.0,10206.44,10345.78,82953.672767
2020-02-14,10360.2,10111.37,10356.89,10206.46,46585.125537
2020-02-15,10381.56,9801.0,9914.13,10356.95,58106.908165
2020-02-16,10050.0,9638.12,9796.01,9914.14,53800.068849999996
2020-02-17,9996.58,9452.67,9645.06,9796.01,75798.697131
2020-02-18,10048.0,9576.01,9985.73,9645.01,59923.764126
2020-02-19,10250.0,9973.0,10194.77,9987.16,44386.524455
2020-02-20,10207.69,9350.0,9530.63,10194.39,82757.759572
2020-02-21,9755.51,9516.61,9701.11,9531.29,39957.923071
2020-02-22,9720.0,9550.21,9655.64,9701.2,29531.548867
2020-02-23,9990.0,9644.47,9874.96,9655.71,35087.183323
2020-02-24,9990.0,9473.56,9588.3,9874.92,53200.033256
2020-02-25,9675.0,9281.0,9375.4,9588.27,53707.994274
2020-02-26,9426.02,8633.63,8842.49,9374.94,90934.635266
2020-02-27,8971.77,8531.0,8888.43,8842.27,70323.386065
2020-02-28,8919.0,8445.0,8539.71,8888.43,72985.399458
2020-02-29,8799.0,8520.0,8663.73,8539.72,41866.183549
2020-03-01,8750.0,8454.57,8457.63,8664.29,40249.754261
2020-03-02,8917.99,8411.0,8859.99,8458.03,60843.914974
2020-03-03,8965.75,8651.0,8717.89,8859.99,56712.434006
2020-03-04,8848.29,8660.0,8718.28,8717.89,40746.584626
2020-03-05,9136.63,8688.03,9110.6,8719.14,54383.006035
2020-03-06,9170.0,8985.5,9064.72,9110.6,47097.220925
2020-03-07,9188.0,8835.0,8876.63,9064.98,45606.400508
2020-03-08,8919.0,8149.27,8294.92,8877.18,67446.298385
2020-03-09,8301.28,7632.01,7753.54,8294.87,121691.084314
2020-03-10,8149.0,7728.01,7865.51,7753.66,83321.817512
2020-03-11,8038.11,7590.0,7792.61,7865.65,80465.049342
2020-03-12,7980.0,5550.0,5985.61,7791.86,198553.18634
2020-03-13,6095.08,3782.13,4985.34,5985.62,421935.775153
2020-03-14,5699.0,4863.23,5443.8,4981.96,168138.973929
2020-03-15,5594.0,5055.13,5307.63,5443.63,103888.288395
2020-03-16,5940.0,4442.12,5119.03,5307.62,259440.412102
2020-03-17,5479.0,4820.0,5367.79,5119.12,157684.695361
2020-03-18,5525.0,5009.37,5316.82,5368.85,138489.564658
2020-03-19,6359.45,5252.53,6137.0,5316.11,189948.45914700002
2020-03-20,6900.0,6055.55,6193.66,6136.61,192491.717486
2020-03-21,6380.0,5670.0,6210.51,6192.59,157541.603787
2020-03-22,6456.98,5863.0,5990.12,6211.44,112243.648397
2020-03-23,6600.0,5688.0,6258.41,5990.59,173229.762371
2020-03-24,6833.0,6237.08,6653.17,6259.95,157665.070546
2020-03-25,6957.96,6450.0,6649.89,6654.36,137299.937341
2020-03-26,6780.0,6510.0,6648.78,6649.89,81070.529486
2020-03-27,6842.59,6573.41,6646.96,6648.77,80651.437083
2020-03-28,6700.0,6024.0,6163.97,6646.95,100170.931987
2020-03-29,6295.0,6060.0,6063.79,6162.96,51623.878854
2020-03-30,6444.0,5857.76,6363.01,6064.23,114694.491913
2020-03-31,6599.0,6321.4,6462.37,6362.72,89581.701426
2020-04-01,6494.9,6150.11,6186.86,6462.87,71085.914263
2020-04-02,7198.0,6164.28,6788.63,6187.99,158583.93895
2020-04-03,7048.0,6602.1,6747.51,6788.69,119675.398916
2020-04-04,6900.0,6650.01,6771.31,6747.51,63028.598101999996
2020-04-05,6990.41,6677.52,6793.14,6771.71,62668.217889
2020-04-06,7253.05,6721.58,7240.94,6794.02,103159.97505
2020-04-07,7459.69,7183.66,7303.61,7240.95,103874.283709
2020-04-08,7420.0,7077.0,7319.46,7303.55,86758.678807
2020-04-09,7390.0,7108.08,7257.6,7319.23,67475.683238
2020-04-10,7315.0,6739.98,6912.52,7257.87,99470.711419
2020-04-11,6948.0,6771.44,6811.1,6913.49,47167.527363
2020-04-12,7177.0,6760.0,7097.23,6811.09,63954.13765
2020-04-13,7159.86,6575.0,6749.96,7097.37,102125.627991
2020-04-14,6978.0,6749.47,6909.29,6749.56,73598.237033
2020-04-15,6933.0,6680.1,6748.23,6909.49,60379.175791
2020-04-16,7147.28,6468.27,7009.23,6748.49,114939.664746
2020-04-17,7190.0,6970.03,7033.59,7009.96,65149.841671
2020-04-18,7268.9,7014.4,7191.77,7033.94,50451.861865
2020-04-19,7293.08,7055.6,7147.12,7191.77,46593.687423
2020-04-20,7220.0,6825.0,6865.85,7147.13,77215.756416
2020-04-21,6940.0,6751.0,6877.36,6865.92,74002.591602
2020-04-22,7156.38,6818.0,7096.34,6877.4,60902.941034
2020-04-23,7738.0,7020.0,7539.79,7096.3,96481.810409
2020-04-24,7616.16,7388.0,7515.97,7539.0,67918.709584
2020-04-25,7705.0,7431.07,7529.64,7516.38,45272.989701
2020-04-26,7700.0,7480.0,7624.51,7529.67,46282.572761999996
2020-04-27,7792.02,7577.27,7709.12,7624.02,65523.724377
2020-04-28,7780.0,7659.12,7733.96,7709.11,48405.857555
2020-04-29,8952.89,7703.91,8624.97,7733.99,161227.913451
2020-04-30,9460.0,8401.0,8669.94,8624.1,211782.948112
2020-05-01,9059.18,8573.98,8733.45,8668.85,102700.998958
2020-05-02,9010.0,8663.28,8866.72,8733.45,62413.651262
2020-05-03,9200.0,8712.0,8848.55,8867.08,87477.096712
2020-05-04,8955.0,8522.0,8845.4,8848.35,83323.68357
2020-05-05,9118.58,8760.0,8888.91,8845.39,77384.50520099999
2020-05-06,9380.0,8873.22,9234.58,8888.01,98743.219241
2020-05-07,9887.0,9021.0,9793.47,9234.58,130172.853705
2020-05-08,10067.0,9705.0,9888.94,9793.62,119193.428354
2020-05-09,10000.52,9520.0,9738.78,9888.94,84200.81843
2020-05-10,9773.09,8117.0,8487.43,9738.78,175322.355445
2020-05-11,9168.0,8200.0,8605.35,8487.43,162487.92666
2020-05-12,8978.26,8420.07,8897.89,8604.2,102841.314267
2020-05-13,9188.0,8730.06,9077.16,8897.89,80335.710185
2020-05-14,9939.0,9069.29,9677.21,9077.6,132926.861193
2020-05-15,9874.3,9256.12,9490.18,9677.97,108098.718215
2020-05-16,9588.0,9150.0,9286.87,9490.35,82415.400389
2020-05-17,9888.0,9268.0,9749.98,9286.96,64270.326365
2020-05-18,9950.0,9464.23,9657.86,9749.98,84724.61417
2020-05-19,9897.21,9474.0,9698.03,9657.86,78826.329594
2020-05-20,9842.0,9326.0,9531.82,9697.9,73871.060954
2020-05-21,9598.0,8815.0,8831.26,9531.83,99820.173454
2020-05-22,9271.0,8816.91,9200.25,8832.09,70925.279456
2020-05-23,9307.85,9070.0,9163.98,9200.25,43823.907827
2020-05-24,9298.0,8853.21,8941.99,9163.98,58944.326517
2020-05-25,9080.99,8642.72,8886.17,8941.04,71950.738254
2020-05-26,9017.67,8700.0,8810.99,8885.71,59141.201602
2020-05-27,9225.0,8760.2,9169.48,8810.99,67087.89619
2020-05-28,9537.8,9052.32,9425.97,9169.39,68919.84345
2020-05-29,9625.47,9330.0,9434.46,9426.0,67304.780891
2020-05-30,9600.0,9331.23,9530.0,9434.45,44176.621326
2020-05-31,9740.0,9400.0,9501.05,9530.01,55919.493479
2020-06-01,9619.0,9381.41,9579.7,9500.52,43790.992171
2020-06-02,10380.0,9266.0,9513.04,9579.97,141253.96719
2020-06-03,9646.43,9365.21,9596.31,9513.04,48249.628868
2020-06-04,9881.63,9450.0,9762.71,9597.12,57353.902929
2020-06-05,9860.0,9581.0,9739.77,9764.72,49412.211133
2020-06-06,9749.71,9531.05,9628.86,9740.79,33454.385891
2020-06-07,9729.74,9372.46,9531.0,9628.86,43087.357606
2020-06-08,9802.0,9515.85,9702.67,9531.0,54484.723508999996
2020-06-09,9877.0,9570.0,9703.09,9702.66,42623.165269
2020-06-10,9992.72,9681.94,9823.58,9703.77,45837.94311
2020-06-11,9964.0,9113.0,9315.16,9823.63,93004.47861
2020-06-12,9557.12,9230.0,9397.99,9315.26,57142.458699
2020-06-13,9488.15,9350.0,9443.5,9397.98,27153.37041
2020-06-14,9494.73,9311.02,9382.92,9443.5,27653.980828
2020-06-15,9449.9,8910.45,9418.47,9382.92,82713.667536
2020-06-16,9589.0,9373.09,9495.42,9417.62,58976.308585
2020-06-17,9565.0,9358.0,9401.93,9495.43,41425.945287
2020-06-18,9489.0,9236.61,9396.75,9402.35,38982.956996
2020-06-19,9438.3,9215.79,9325.0,9396.75,48931.189862
2020-06-20,9380.0,9170.95,9312.51,9325.0,31301.834434
2020-06-21,9422.0,9285.28,9315.22,9312.54,25197.123102999998
2020-06-22,9629.34,9277.09,9581.62,9315.21,47894.628018
2020-06-23,9780.0,9541.05,9652.8,9582.14,50050.003224
2020-06-24,9670.0,9208.0,9309.34,9652.8,59522.141407999996
2020-06-25,9343.02,9009.69,9251.98,9309.04,55816.732562
2020-06-26,9340.0,9045.45,9141.2,9251.98,51962.973201
2020-06-27,9218.0,9055.0,9087.77,9141.11,32193.963559
2020-06-28,9191.0,8833.0,9153.5,9087.76,44954.827628
2020-06-29,9180.0,9024.67,9142.17,9153.63,39427.876905
2020-06-30,9238.0,9064.89,9131.11,9142.83,35686.042427
2020-07-01,9292.0,9080.1,9255.35,9131.11,37689.159883
2020-07-02,9270.0,8940.0,9066.11,9255.31,43942.573368
2020-07-03,9150.0,9030.0,9079.26,9066.12,31320.152667
2020-07-04,9190.0,9037.47,9139.82,9079.25,27014.216772
2020-07-05,9146.86,8980.0,9041.7,9139.35,29202.803147
2020-07-06,9349.0,8893.03,9294.34,9041.64,54949.364285
2020-07-07,9379.42,9220.04,9270.0,9294.33,36590.085731
2020-07-08,9470.0,9203.0,9413.87,9270.0,52454.534893
2020-07-09,9468.0,9160.0,9224.99,9413.88,52511.252171
2020-07-10,9253.9,9125.0,9219.5,9225.0,37973.73658
2020-07-11,9317.48,9178.25,9225.64,9219.86,25424.76395
2020-07-12,9345.0,9182.0,9218.54,9225.59,26390.196118
2020-07-13,9343.82,9157.5,9290.23,9218.54,40502.558886
2020-07-14,9290.23,9113.0,9249.4,9290.23,50311.47232
2020-07-15,9279.54,9160.57,9186.71,9249.4,37238.552861000004
2020-07-16,9237.27,9047.25,9125.19,9186.71,45307.77514
2020-07-17,9186.83,9089.81,9161.74,9125.19,29985.467229
2020-07-18,9219.3,9121.1,9183.0,9161.73,22065.175185
2020-07-19,9200.0,9101.35,9156.54,9183.0,21705.001109
2020-07-20,9232.27,9131.0,9180.48,9156.54,36074.707165
2020-07-21,9437.73,9141.19,9387.14,9180.52,61766.293367
2020-07-22,9392.82,9261.0,9366.1,9387.13,39186.82767
2020-07-23,9664.0,9357.4,9582.2,9366.09,62106.754391
2020-07-24,9610.0,9463.44,9580.01,9582.2,40549.766632
2020-07-25,9708.81,9513.0,9665.02,9580.0,40867.033924999996
2020-07-26,10111.0,9648.68,9917.0,9665.01,66926.765436
2020-07-27,10950.0,9840.9,10841.22,9917.0,122731.445638
2020-07-28,11394.86,10565.0,10915.36,10841.22,122596.276097
2020-07-29,11296.74,10812.0,11206.34,10915.36,71200.146728
2020-07-30,11342.82,10831.0,11089.7,11206.35,64570.884271
2020-07-31,11444.0,10960.0,11239.78,11089.7,68789.971101
2020-08-01,11745.0,11220.0,11665.22,11239.79,80160.791723
2020-08-02,12123.46,10518.5,11229.05,11665.22,105307.908706
2020-08-03,11473.0,10936.0,11416.12,11228.95,54988.058215
2020-08-04,11416.11,11000.0,11219.67,11416.04,61285.643888
2020-08-05,11715.0,11093.0,11657.73,11219.68,69745.003088
2020-08-06,11878.26,11505.0,11845.93,11657.73,65193.758177
2020-08-07,11909.94,11322.0,11479.73,11845.93,68306.848235
2020-08-08,11808.27,11457.87,11685.31,11479.73,43130.797638
2020-08-09,11797.11,11521.97,11634.34,11685.3,42841.03
2020-08-10,12067.35,11450.0,11873.58,11634.34,82447.249739
2020-08-11,11935.0,11285.0,11449.23,11873.59,79686.038043
2020-08-12,11617.52,11125.0,11511.99,11449.23,76880.100155
2020-08-13,11656.99,11270.36,11488.53,11511.99,61358.665903
2020-08-14,11850.0,11483.58,11823.24,11489.21,68965.092113
2020-08-15,11980.0,11680.0,11879.26,11823.24,52534.939196
2020-08-16,11977.0,11686.0,11832.0,11879.27,46497.001237
2020-08-17,12468.0,11769.78,12306.64,11832.0,78619.628049
2020-08-18,12406.86,11817.93,11978.18,12306.64,78324.33782
2020-08-19,12087.0,11612.71,11738.48,11978.19,71962.284019
2020-08-20,11888.0,11561.0,11859.68,11738.12,51105.561128
2020-08-21,11880.0,11605.42,11671.21,11859.69,57717.257226
2020-08-22,11719.24,11376.81,11602.53,11671.2,51317.053184
2020-08-23,11688.81,11514.13,11663.79,11602.53,37452.501948
2020-08-24,11824.9,11585.09,11734.76,11663.79,46691.028038000004
2020-08-25,11790.0,11117.64,11296.28,11734.77,65775.460493
2020-08-26,11539.32,11221.03,11445.21,11296.28,57268.843536
2020-08-27,11592.2,11125.0,11256.9,11445.21,63250.633508
2020-08-28,11542.65,11223.94,11481.65,11256.91,47487.568808
2020-08-29,11580.02,11417.04,11526.66,11481.65,33429.939856
2020-08-30,11685.0,11458.0,11651.04,11526.66,40246.461214
2020-08-31,11800.77,11570.0,11716.05,11651.04,54326.765146
2020-09-01,12050.85,11515.0,11983.57,11716.05,74490.891906
2020-09-02,12050.0,11160.1,11389.0,11983.56,90788.229685
2020-09-03,11462.6,10460.0,10650.11,11389.0,104901.59834
2020-09-04,10794.62,9875.5,10516.65,10650.1,107575.987783
2020-09-05,10627.05,9825.0,10156.73,10516.64,81251.13628400001
2020-09-06,10300.0,9875.0,10236.74,10156.72,66524.087118
2020-09-07,10347.14,9875.0,10172.36,10236.75,61782.84637
2020-09-08,10438.0,9920.32,9980.87,10172.36,68384.343219
2020-09-09,10336.7,9850.0,10326.38,9982.45,56860.931137
2020-09-10,10483.35,10070.83,10282.61,10326.39,58696.57784
2020-09-11,10380.34,10200.0,10313.15,10282.61,44974.709956
2020-09-12,10477.97,10269.25,10451.99,10313.15,35758.023866
2020-09-13,10580.11,10200.0,10257.34,10452.0,44877.429385
2020-09-14,10750.0,10212.34,10674.98,10257.13,64347.524285
2020-09-15,10930.04,10606.48,10784.22,10674.98,60349.815035
2020-09-16,11093.0,10661.22,11010.29,10784.22,66015.485559
2020-09-17,11047.84,10745.83,10905.26,11010.29,56302.142577
2020-09-18,11038.03,10812.84,10861.63,10905.25,48302.223634
2020-09-19,11179.79,10842.3,11048.11,10861.63,40391.09824
2020-09-20,11087.99,10723.0,10891.25,11048.12,36907.297453
2020-09-21,10988.86,10296.35,10444.05,10891.25,68503.751247
2020-09-22,10533.46,10353.0,10489.25,10444.02,46314.758529
2020-09-23,10572.71,10380.47,10409.14,10489.25,40459.047539
2020-09-24,10743.59,10136.82,10612.61,10409.14,65827.681917
2020-09-25,10795.24,10556.24,10705.38,10612.62,51852.670494
2020-09-26,10820.94,10644.68,10729.9,10705.38,30907.456304
2020-09-27,10799.0,10594.82,10714.2,10729.9,30496.751715
2020-09-28,10950.0,10700.73,10871.96,10714.2,45463.716355
2020-09-29,10888.59,10626.0,10727.75,10871.96,43265.653483
2020-09-30,10867.54,10665.13,10731.1,10728.23,40774.000598
2020-10-01,10920.0,10437.0,10586.5,10731.08,58779.488633
2020-10-02,10664.64,10374.0,10553.11,10586.5,52484.349384
2020-10-03,10603.56,10463.02,10574.06,10553.1,23943.418518
2020-10-04,10649.0,10517.87,10630.0,10574.11,21883.098302
2020-10-05,10777.37,10615.64,10716.35,10630.0,34014.730567
2020-10-06,10800.0,10578.99,10602.77,10716.35,43270.421073
2020-10-07,10667.43,10525.0,10664.11,10602.78,39743.827054
2020-10-08,10945.0,10530.41,10871.13,10663.97,49888.713363
2020-10-09,11104.64,10829.0,11047.02,10871.13,48398.014843
2020-10-10,11491.0,11012.19,11363.33,11047.02,44448.55021
2020-10-11,11445.0,11262.25,11408.86,11363.33,27510.146751
2020-10-12,11590.0,11172.0,11548.69,11408.87,48609.615136
2020-10-13,11720.01,11300.0,11378.13,11548.6,47899.550282
2020-10-14,11547.98,11280.0,11333.77,11378.14,40903.805655
2020-10-15,11486.28,11250.83,11467.21,11333.77,42819.24199
2020-10-16,11617.34,11200.0,11363.28,11467.14,55302.220123
2020-10-17,11402.42,11255.0,11346.87,11363.28,24535.821641
2020-10-18,11482.24,11325.0,11440.0,11346.88,22178.765693
2020-10-19,11823.99,11407.96,11669.56,11440.01,44726.795763
2020-10-20,12038.38,11660.47,11964.59,11669.82,59682.187961999996
2020-10-21,12899.99,11855.0,12761.61,11964.58,93995.288612
2020-10-22,13217.68,12617.48,13042.48,12761.61,83843.814775
2020-10-23,13185.0,12720.08,12852.97,13042.49,58978.960912
2020-10-24,13166.73,12839.12,13103.66,12852.97,38496.687619000004
2020-10-25,13350.0,12888.0,12985.58,13103.81,39006.9738
2020-10-26,13238.81,12765.0,12963.25,12985.59,57881.178692
2020-10-27,13745.0,12920.7,13633.93,12963.24,74245.976519
2020-10-28,13859.48,12888.0,13209.86,13633.93,98400.20222199999
2020-10-29,13642.91,12920.77,13557.67,13209.87,73768.265026
2020-10-30,13669.98,13115.0,13524.51,13557.67,72181.342539
2020-10-31,14100.0,13411.5,13717.1,13524.51,69876.890091
2020-11-01,13895.0,13603.0,13791.89,13717.11,35957.619102
2020-11-02,13864.0,13195.05,13458.26,13791.88,63483.707321
2020-11-03,13798.0,13284.99,13741.22,13458.27,66221.102138
2020-11-04,14259.0,13525.0,14086.71,13741.22,95213.156482
2020-11-05,15300.0,13931.64,14938.94,14086.72,129460.912877
2020-11-06,15960.0,14900.0,15459.86,14938.47,134075.559134
2020-11-07,15753.52,14707.0,14927.95,15459.85,82468.462165
2020-11-08,15650.0,14344.22,15528.01,14927.96,88884.496471
2020-11-09,15840.0,14805.54,15317.51,15528.0,106347.956388
2020-11-10,15492.67,15072.46,15266.23,15317.5,68193.546665
2020-11-11,15965.0,15257.53,15811.66,15266.23,73148.402963
2020-11-12,16199.0,15440.64,16097.49,15811.65,99445.337935
2020-11-13,16480.0,15952.35,16246.7,16097.5,83748.195224
2020-11-14,16355.0,15670.0,15898.27,16246.69,60373.084984
2020-11-15,16180.0,15845.67,15904.74,15898.5,43193.064063
2020-11-16,16765.0,15774.72,16690.85,15904.74,72165.636584
2020-11-17,17858.82,16538.0,17638.37,16690.86,113874.923029
2020-11-18,18476.93,17214.45,17775.92,17638.14,150310.17853099998
2020-11-19,18179.8,17335.65,17934.02,17775.91,95971.313493
2020-11-20,18815.22,17681.36,18582.33,17934.01,91702.736778
2020-11-21,18965.9,18308.58,18735.47,18582.32,75228.415047
2020-11-22,18770.0,17610.86,18504.89,18735.47,80705.920939
2020-11-23,18766.0,18000.0,18346.23,18504.89,83385.236515
2020-11-24,19418.97,18018.0,19254.42,18346.23,109914.398201
2020-11-25,19484.21,18625.0,19056.67,19254.42,87755.735948
2020-11-26,19125.0,16188.0,16531.73,19056.68,177913.823882
2020-11-27,17457.62,16300.0,16781.22,16532.35,95170.013868
2020-11-28,17772.09,16634.34,17729.99,16781.22,67059.266086
2020-11-29,18250.0,17517.0,18118.27,17730.0,56643.642761
2020-11-30,19863.16,18008.12,19175.78,18118.27,108954.471347
2020-12-01,19888.0,18001.12,18738.82,19175.87,132850.347515
2020-12-02,19342.0,18330.0,19011.99,18738.83,78646.57655
2020-12-03,19598.0,18867.2,19371.46,19011.97,67448.789198
2020-12-04,19540.0,18686.38,19056.45,19371.46,66973.057675
2020-12-05,19177.0,18500.0,19116.3,19056.45,50296.244002
2020-12-06,19342.0,18857.0,19105.21,19116.65,33629.556855
2020-12-07,19420.91,18902.88,18939.7,19105.2,43127.547168
2020-12-08,19294.84,18610.0,18831.0,18938.51,51409.747402
2020-12-09,18895.0,17650.0,18196.4,18831.0,85181.775823
2020-12-10,18639.57,17911.12,18274.75,18196.41,56181.755145999996
2020-12-11,18435.74,17572.33,18044.26,18274.74,71091.398509
2020-12-12,18746.33,17925.37,18687.62,18044.26,48666.8746
2020-12-13,19411.0,18687.63,19185.33,18687.63,59434.268084
2020-12-14,19347.0,18971.0,19236.75,19185.33,47182.087501
2020-12-15,19570.0,19050.0,19530.0,19236.75,59696.521827
2020-12-16,20865.43,19276.0,20585.79,19529.99,97921.98632
2020-12-17,23800.0,20550.0,23250.27,20585.79,181999.903386
2020-12-18,23497.0,22311.1,22781.44,23251.16,97165.10514500001
2020-12-19,24171.47,22626.81,23822.66,22781.44,85788.179793
2020-12-20,24065.41,23060.0,23866.69,23822.66,64724.445088
2020-12-21,24295.0,21815.0,22813.66,23866.68,98825.970054
2020-12-22,23628.89,22353.4,23435.27,22813.65,85830.895164
2020-12-23,24100.0,22810.0,23605.07,23435.27,110220.439986
2020-12-24,23625.0,22600.0,23313.35,23605.08,78470.331839
2020-12-25,24681.0,23250.18,24356.31,23314.23,79717.438151
2020-12-26,26000.0,24198.6,25619.24,24356.31,82042.814514
2020-12-27,28422.0,25590.0,27061.41,25619.24,153300.13943
2020-12-28,27500.0,25700.0,27023.55,27062.67,90043.538078
2020-12-29,27196.09,25880.0,26591.29,27022.83,69506.605065
2020-12-30,28598.74,26505.94,28510.86,26591.38,90670.425068
2020-12-31,29300.0,27850.0,28872.25,28510.86,84502.949725
2021-01-01,29600.0,28624.57,29072.7,28872.24,57339.458658999996
2021-01-02,33300.0,28880.37,32999.98,29072.7,96532.37740299999
2021-01-03,34778.11,30300.0,32769.76,32999.98,143681.450163
2021-01-04,33861.92,28130.0,31165.16,32769.79,143368.740661
2021-01-05,33433.55,29900.0,33372.84,31165.16,103785.764803
2021-01-06,35766.58,33098.82,35215.75,33372.83,122443.126123
2021-01-07,40365.0,34280.0,38948.48,35215.75,137908.349792
2021-01-08,41950.0,36500.0,39920.39,38907.58,141605.38128
2021-01-09,41380.0,38652.0,40650.01,39920.67,88272.746526
2021-01-10,41350.0,37200.0,38109.68,40650.0,91701.052166
2021-01-11,39000.0,30420.0,32562.1,38106.11,250295.909634
2021-01-12,36628.0,31215.0,35040.78,32562.1,150938.598433
2021-01-13,35901.0,32380.0,35719.36,35040.78,119156.081882
2021-01-14,40100.0,35577.55,39344.79,35719.36,111823.123223
2021-01-15,39935.1,34408.0,35421.55,39344.8,118483.003439
2021-01-16,37950.0,34801.15,36484.95,35421.56,86544.480192
2021-01-17,36800.0,33850.0,35678.67,36484.95,86033.220726
2021-01-18,37469.83,34800.0,35755.62,35676.58,74615.926766
2021-01-19,37850.0,35695.7,36500.0,35755.62,74724.898158
2021-01-20,36800.0,33400.0,35250.61,36500.0,92460.609902
2021-01-21,35670.0,31037.0,31742.68,35250.39,116687.530686
2021-01-22,33322.0,28850.0,33277.32,31744.26,155795.28849
2021-01-23,33826.53,31390.16,32167.48,33275.67,71993.021913
2021-01-24,33071.0,31500.0,31831.67,32169.92,53101.072394999996
2021-01-25,34875.0,30900.0,33672.46,31831.66,84842.609536
2021-01-26,33788.38,30837.37,32224.5,33669.27,90183.241824
2021-01-27,32921.88,29241.72,29709.79,32222.88,87659.916806
2021-01-28,32670.0,29712.94,32633.68,29719.93,90880.261957
2021-01-29,38531.9,31915.4,35202.46,32633.69,221715.614825
2021-01-30,35357.14,32825.0,34340.0,35204.22,106386.229872
2021-01-31,34800.0,32171.67,32450.3,34340.0,66279.968803
2021-02-01,34717.27,32296.16,33731.52,32449.53,88151.641474
2021-02-02,35668.1,33418.0,35264.21,33739.52,72023.680464
2021-02-03,37221.42,35090.91,37114.14,35264.66,80899.680471
2021-02-04,38708.27,36161.95,37141.96,37116.47,92617.403579
2021-02-05,38310.12,36570.0,37406.23,37143.44,69652.281943
2021-02-06,40955.51,37230.0,40276.41,37405.63,92008.362421
2021-02-07,40469.19,37351.0,38239.1,40276.41,88860.740655
2021-02-08,44918.0,37660.97,42673.49,38239.37,118601.965883
2021-02-09,48142.19,42644.49,47012.77,42673.49,134145.582529
2021-02-10,47499.43,43727.0,45088.17,47012.77,97916.901616
2021-02-11,48399.0,43994.02,47653.14,45088.16,82879.340626
2021-02-12,48985.8,46125.0,47269.25,47653.15,93562.167454
2021-02-13,48150.0,46202.53,46792.05,47268.27,67761.193361
2021-02-14,49707.43,46653.58,48739.99,46790.39,72583.68768999999
2021-02-15,49300.0,45570.79,48358.99,48739.99,76441.304191
2021-02-16,50689.18,47003.62,48616.79,48361.0,91102.88800199999
2021-02-17,51780.0,48173.81,51430.59,48616.79,81713.585524
2021-02-18,52618.74,50901.9,51862.85,51430.59,65082.304513
2021-02-19,55435.96,50710.2,55384.46,51860.4,69748.105717
2021-02-20,57700.46,54583.95,57115.24,55384.46,83229.743574
2021-02-21,58300.0,53863.93,58183.69,57118.09,64055.797191
2021-02-22,58352.8,47622.0,53227.23,58183.69,130586.186998
2021-02-23,54989.46,44892.56,46881.49,53227.23,165180.001335
2021-02-24,51374.99,45251.0,49570.0,46872.77,97092.750727
2021-02-25,52041.73,48028.18,49544.14,49570.0,75514.858027
2021-02-26,50000.0,44106.78,47317.09,49543.04,113848.076568
2021-02-27,48394.0,45000.0,47136.3,47317.09,68689.132666
2021-02-28,47557.14,43000.0,43677.39,47136.29,83392.551012
2021-03-01,49469.99,43434.22,48465.27,43683.79,86243.552544
2021-03-02,50200.0,47200.0,47678.38,48465.27,66487.561764
2021-03-03,52640.0,47047.6,51233.11,47678.38,81466.010259
2021-03-04,51773.88,47588.52,47600.01,51233.11,81124.131289
2021-03-05,48728.21,46300.0,48478.11,47600.0,78112.189154
2021-03-06,49448.93,47070.0,48473.3,48478.12,47725.87808
2021-03-07,51352.1,48223.36,50412.31,48473.3,54149.173137
2021-03-08,51847.38,49274.67,50803.18,50412.31,62843.237377
2021-03-09,54815.84,50790.0,53885.96,50803.19,76142.161202
2021-03-10,57100.0,53005.0,56730.54,53885.96,76488.803808
2021-03-11,57682.0,54272.82,57519.86,56730.55,83915.752283
2021-03-12,58150.0,54962.84,57349.23,57519.86,76569.853988
2021-03-13,60520.0,56078.23,60281.95,57349.24,78268.266797
2021-03-14,61844.0,59300.0,60138.31,60281.95,60502.26483
2021-03-15,60750.0,54600.0,56113.9,60138.31,101343.774957
2021-03-16,56940.0,53271.34,55349.99,56113.9,78658.788122
2021-03-17,57576.28,54123.69,57575.51,55349.99,62932.047969
2021-03-18,60129.97,57329.44,58221.01,57575.51,73213.217507
2021-03-19,59249.5,56270.74,58800.0,58221.02,54917.479444000004
2021-03-20,59880.0,57820.17,59173.03,58800.0,44668.676828999996
2021-03-21,59424.73,55450.11,57365.08,59173.03,49154.017198
2021-03-22,58430.73,56191.19,56494.11,57365.08,48372.137831
2021-03-23,56561.6,53000.0,55364.69,56492.91,71223.951549
2021-03-24,57200.0,53511.39,55378.91,55364.68,65498.559862
2021-03-25,55571.12,50427.56,52236.72,55380.64,103840.104164
2021-03-26,54060.24,51214.6,53682.52,52225.0,64553.409317
2021-03-27,56271.0,53528.35,55728.93,53682.51,52683.161148
2021-03-28,56700.36,55159.17,55192.08,55728.92,40025.579592
2021-03-29,58405.82,54691.84,57819.99,55192.08,66873.52738
2021-03-30,59368.0,57071.35,58853.02,57820.0,57092.405482
2021-03-31,59800.0,56769.0,59299.45,58853.02,57368.18035
2021-04-01,59567.28,57935.45,58716.56,59304.45,51460.540228
2021-04-02,60200.0,58455.1,59087.7,58716.56,46119.850192
2021-04-03,59791.72,57707.7,58455.36,59087.71,42937.768072
2021-04-04,58748.76,56388.0,58102.92,58455.36,47901.89221
2021-04-05,59272.0,56777.77,58876.29,58102.91,51169.170113
2021-04-06,59495.24,57413.02,58238.78,58876.3,55231.193535
2021-04-07,58655.0,55612.0,55859.13,58238.78,69953.606526
2021-04-08,58153.31,55473.0,57899.98,55859.13,47610.896471
2021-04-09,58894.9,57449.04,58381.84,57899.98,40648.734316
2021-04-10,61500.0,57873.31,60020.0,58381.85,65187.40131
2021-04-11,60699.0,58374.61,59865.0,60020.0,44654.653441
2021-04-12,61300.0,59350.59,59988.95,59865.01,56337.262086
2021-04-13,63777.77,59759.05,62641.77,59988.94,81609.869997
2021-04-14,64854.0,61568.0,62119.26,62641.77,78805.614231
2021-04-15,63491.45,61301.0,62733.84,62119.26,51445.449593
2021-04-16,63800.0,60000.0,61817.56,62733.84,93929.251812
2021-04-17,62506.05,59580.91,60379.99,61817.55,61670.997904
2021-04-18,60955.0,50931.3,55473.86,60380.0,120393.965437
2021-04-19,57526.81,54221.58,55635.03,55473.85,80852.21638700001
2021-04-20,56600.0,53329.96,56253.81,55635.03,68361.372986
2021-04-21,57076.24,54276.85,55306.35,56254.98,65155.427053
2021-04-22,55738.14,52561.0,53372.69,55306.34,89979.88365599999
2021-04-23,53550.0,47500.0,50563.59,53372.69,149407.741991
2021-04-24,51301.34,48657.14,50562.06,50563.59,61515.374252
2021-04-25,51000.0,49161.94,49622.7,50562.05,41337.706403000004
2021-04-26,54356.62,46930.0,54245.87,49622.7,94363.323215
2021-04-27,55300.0,52600.36,54960.01,54245.87,62631.55448
2021-04-28,55738.0,53813.16,54933.76,54960.01,49468.050075
2021-04-29,56428.0,52476.69,52928.54,54933.75,57985.598139
2021-04-30,57385.0,52330.94,56857.47,52935.72,65562.153809
2021-05-01,58458.07,56374.21,57610.52,56857.48,46821.120471
2021-05-02,57998.97,56035.25,56840.45,57610.51,36804.681752
2021-05-03,58981.44,56212.0,57764.42,56840.44,52823.969244
2021-05-04,57764.43,53201.01,54524.76,57764.42,85837.47561
2021-05-05,58069.82,52900.0,57301.55,54522.62,75901.037557
2021-05-06,58360.0,55450.0,55753.57,57301.56,68550.459137
2021-05-07,58650.0,55200.0,57890.03,55752.54,75373.049365
2021-05-08,59438.64,56749.75,59060.57,57890.02,72661.643651
2021-05-09,59500.0,56235.66,57439.39,59060.57,68612.75181
2021-05-10,59500.0,56388.26,56771.88,57441.61,73842.596664
2021-05-11,56977.48,53400.0,56383.66,56771.87,83502.063141
2021-05-12,58000.01,53576.3,54082.52,56383.66,71849.329325
2021-05-13,54751.92,46000.0,47844.04,54082.52,164266.958108
2021-05-14,51483.0,47832.38,50470.07,47844.04,85460.566524
2021-05-15,50700.0,47399.3,47890.07,50470.89,84705.828018
2021-05-16,49795.89,45333.34,45380.56,47890.72,92605.510804
2021-05-17,46686.0,42001.0,43473.22,45409.99,181084.659493
2021-05-18,45799.29,42371.96,42800.01,43471.48,123255.841428
2021-05-19,43621.0,30000.0,37961.02,42800.01,326604.354306
2021-05-20,42451.67,34850.0,39811.84,37961.01,227405.180379
2021-05-21,42200.0,36100.0,37159.65,39808.32,171226.114965
2021-05-22,38829.0,33488.0,37646.26,37159.65,163484.82365099998
2021-05-23,38400.0,31111.01,32529.81,37647.3,205346.244562
2021-05-24,38637.7,32203.87,37911.79,32539.08,159092.89814099998
2021-05-25,39920.0,36419.62,37884.91,37911.73,128652.157791
2021-05-26,40841.0,37011.0,38626.63,37884.9,102960.003393
2021-05-27,40411.14,37134.27,39089.57,38626.64,89470.869542
2021-05-28,39187.35,35100.0,36190.92,39094.18,121392.901252
2021-05-29,37338.58,33632.76,34070.98,36190.91,121443.668047
2021-05-30,36488.0,33379.0,36125.54,34069.35,82519.648296
2021-05-31,37457.07,34153.84,36694.27,36125.54,93397.161582
2021-06-01,37894.81,35666.0,36240.69,36694.27,80400.968174
2021-06-02,38225.0,35726.36,38016.41,36240.46,69634.178811
2021-06-03,39476.0,37170.0,38553.01,38016.41,74510.220163
2021-06-04,39450.0,35555.15,37099.27,38553.0,91839.77424
2021-06-05,37925.0,35250.0,36040.12,37099.28,64362.646424
2021-06-06,36480.0,34800.0,35890.0,36040.12,53231.978707
2021-06-07,36900.0,35222.0,35486.9,35889.99,59397.714219
2021-06-08,35744.52,31000.0,32735.9,35484.57,133569.008624
2021-06-09,37000.0,32396.82,35886.37,32735.9,134321.909676
2021-06-10,38491.0,35650.16,36754.07,35886.37,113490.778021
2021-06-11,37680.4,35782.0,37176.73,36754.06,80239.572834
2021-06-12,37498.58,34600.36,35892.62,37176.73,93646.260289
2021-06-13,37628.23,34757.0,37493.87,35892.63,66168.391661
2021-06-14,41064.05,37270.0,39732.81,37493.87,122249.302308
2021-06-15,41330.0,39323.1,40598.57,39732.82,79326.987024
2021-06-16,40724.35,38301.68,38709.35,40598.57,91282.15234100001
2021-06-17,39559.88,37505.0,37749.76,38709.35,79290.046709
2021-06-18,38258.0,35129.29,35289.53,37749.75,93489.984867
2021-06-19,36457.0,34803.52,35509.89,35289.52,74345.606923
2021-06-20,36200.0,33336.0,34940.45,35509.89,81641.351234
2021-06-21,36137.72,31710.0,32782.47,34940.45,158611.873788
2021-06-22,33298.78,28805.0,32986.4,32782.46,212581.579374
2021-06-23,34881.0,31683.0,33292.58,32986.41,130690.767874
2021-06-24,35298.0,32286.57,34884.14,33292.57,92851.68816
2021-06-25,35500.0,31500.0,32088.12,34884.14,107544.496596
2021-06-26,32730.0,30151.0,31590.27,32088.13,113702.74505499999
2021-06-27,33574.32,30905.78,32720.01,31590.27,87059.846806
2021-06-28,35297.71,32357.13,34168.22,32720.01,94137.63914
2021-06-29,36600.0,34108.61,36280.85,34168.21,88892.775064
2021-06-30,36488.7,34017.55,34821.99,36280.85,74505.3909
2021-07-01,35194.04,33001.0,33325.5,34821.99,74361.171744
2021-07-02,33977.04,32699.0,33290.01,33325.49,60139.987838
2021-07-03,34945.61,33041.65,34645.85,33288.79,43104.129706
2021-07-04,35727.0,34250.48,35510.38,34645.85,42448.80644
2021-07-05,35967.85,33125.55,33982.02,35510.39,64576.42161
2021-07-06,35118.88,33532.0,33841.37,33982.03,60210.323084999996
2021-07-07,35059.09,33628.81,34681.41,33844.92,51589.954217
2021-07-08,34748.37,32077.0,32840.91,34681.41,70428.059907
2021-07-09,33696.4,32261.07,33382.03,32840.92,48801.504057
2021-07-10,34262.0,33223.31,33466.71,33382.02,36194.691337
2021-07-11,34123.08,33004.78,33960.0,33466.71,28007.182895
2021-07-12,34678.43,32890.43,33010.24,33960.0,47448.276628
2021-07-13,33358.17,32280.0,32479.99,33010.27,43775.167764
2021-07-14,33114.03,31550.0,32743.96,32480.0,48925.439436
2021-07-15,33185.25,31133.0,31455.11,32743.96,49011.19533
2021-07-16,32249.18,31020.0,31956.38,31455.12,49536.243304
2021-07-17,32084.82,31164.31,31735.04,31956.39,35583.871918
2021-07-18,32435.0,31108.97,31604.51,31735.03,35515.34819
2021-07-19,31943.0,30407.44,30652.95,31604.51,47076.406853
2021-07-20,31063.07,29278.0,29777.84,30652.95,59378.744763
2021-07-21,32858.0,29482.61,31786.71,29777.83,75666.940453
2021-07-22,32591.35,31516.3,32278.1,31783.78,55184.371186000004
2021-07-23,32915.0,31924.32,32129.99,32278.1,40221.428936
2021-07-24,34500.0,32124.72,34281.87,32129.99,55574.25223
2021-07-25,34800.0,33667.01,34407.13,34281.88,44898.337063
2021-07-26,39999.99,34185.23,39709.16,34407.12,122788.199498
2021-07-27,40550.0,36383.0,37908.23,39709.17,113100.74324499999
2021-07-28,40900.0,37745.14,40440.99,37908.23,103775.820518
2021-07-29,40680.07,39200.0,39527.06,40440.99,58591.713004000005
2021-07-30,40419.3,38313.23,39083.48,39527.07,51402.116616
2021-07-31,42448.0,39060.0,41376.12,39083.48,66996.164899
2021-08-01,42599.0,40714.28,41080.73,41376.11,46946.094557
2021-08-02,41500.0,38907.51,39637.87,41080.73,56127.376116
2021-08-03,39783.72,37642.03,38194.23,39637.87,60232.167877
2021-08-04,39800.0,37508.56,39575.1,38194.22,51246.952743
2021-08-05,40987.0,37332.7,40840.0,39575.1,78710.963249
2021-08-06,43392.43,39853.86,42792.95,40840.01,80182.032364
2021-08-07,44555.0,42393.02,43542.0,42792.95,70160.859888
2021-08-08,45310.0,43396.35,43627.13,43542.0,71115.245775
2021-08-09,46454.15,42779.0,46193.99,43619.54,69983.585334
2021-08-10,46700.0,44589.46,45300.95,46193.99,61256.266263
2021-08-11,46743.47,45233.9,46302.83,45300.95,49858.342315
2021-08-12,46680.0,43770.0,44423.82,46302.83,59628.690104
2021-08-13,46666.0,43855.88,46510.58,44423.81,41567.599431
2021-08-14,48144.0,45971.03,46727.56,46510.58,53086.900211
2021-08-15,47374.67,45500.0,46281.82,46725.2,40124.092446
2021-08-16,48053.83,45951.73,46481.53,46281.82,51940.836317
2021-08-17,47160.0,45239.45,45760.53,46481.52,50247.960957
2021-08-18,46000.0,44203.28,45401.4,45760.54,60236.272632
2021-08-19,46757.01,43927.7,46562.83,45401.4,54461.045388
2021-08-20,49096.34,46340.12,48458.0,46562.83,57191.817472
2021-08-21,49757.04,48222.0,49457.59,48458.0,48488.541185
2021-08-22,49500.0,48050.0,48373.53,49457.59,36102.153665
2021-08-23,50500.0,48239.03,49459.11,48373.53,51977.951711
2021-08-24,49860.0,47749.1,48182.07,49459.1,51884.929529
2021-08-25,49062.2,47126.28,48924.64,48182.06,45930.25496
2021-08-26,49352.84,46250.0,47001.46,48924.64,49561.213297
2021-08-27,48451.51,46348.0,48325.48,47001.47,40298.160233
2021-08-28,49299.0,48155.0,48788.99,48325.49,30291.981808
2021-08-29,49632.27,47762.54,48747.07,48788.98,30909.484353
2021-08-30,49385.42,47370.0,48496.98,48747.08,34827.88069
2021-08-31,48696.87,46700.0,47305.48,48496.99,53106.57131
2021-09-01,49156.0,46512.0,48659.31,47305.47,47160.57185
2021-09-02,50450.13,48000.0,49371.96,48659.31,58371.245648
2021-09-03,51000.0,48316.84,50458.79,49373.25,57328.810627
2021-09-04,50541.66,49370.0,49879.01,50458.79,36575.5674
2021-09-05,50500.0,49450.0,50355.0,49879.02,31575.84622
2021-09-06,52188.8,50355.0,51833.37,50355.01,52810.575492
2021-09-07,52920.0,42843.05,46922.02,51833.38,120277.05476099999
2021-09-08,47340.99,44412.02,46496.7,46922.02,69038.2514
2021-09-09,47399.97,45513.08,46632.42,46496.7,53697.39488
2021-09-10,47033.0,44738.9,45708.78,46632.41,45618.89682
2021-09-11,45987.93,44132.29,45647.33,45708.79,34618.10546
2021-09-12,46270.56,44742.06,45896.63,45647.34,28833.84549
2021-09-13,46880.0,43370.0,44705.37,45896.64,67624.67162
2021-09-14,46950.0,44594.44,46507.9,44707.85,42953.12889
2021-09-15,48429.87,46376.99,48029.34,46507.9,45697.76649
2021-09-16,48557.0,47211.35,47655.99,48027.85,40704.29208
2021-09-17,48150.0,46750.47,47195.51,47655.99,33793.7442
2021-09-18,48843.2,46699.56,48296.05,47195.5,32101.37075
2021-09-19,48372.83,47069.01,47659.39,48296.05,29498.90399
2021-09-20,47749.99,42500.0,43406.62,47659.4,71126.664423
2021-09-21,43968.67,40200.0,42196.41,43406.61,71401.81895300001
2021-09-22,44000.55,39600.0,43134.05,42196.41,76351.398482
2021-09-23,44936.77,42855.01,44735.46,43134.06,48795.24873
2021-09-24,45200.0,40675.0,42152.07,44735.47,83713.699482
2021-09-25,43200.0,41646.28,42581.83,42152.07,38147.66347
2021-09-26,43746.9,40750.0,43190.81,42581.82,46309.17613
2021-09-27,44350.0,42673.67,43033.61,43190.82,39404.28169
2021-09-28,43400.0,41115.0,41578.38,43033.61,44764.184909999996
2021-09-29,42590.0,40753.88,41306.78,41578.38,34072.15762
2021-09-30,44044.23,40900.0,43994.08,41306.78,45984.43941
2021-10-01,47928.0,43100.0,47724.18,43994.08,62888.61571
2021-10-02,48495.0,47430.18,47864.02,47724.17,34257.21673
2021-10-03,49228.08,47088.0,48822.03,47864.01,29340.8904
2021-10-04,49536.12,46891.0,49318.0,48822.03,44751.65034
2021-10-05,50777.0,48556.09,50612.44,49318.0,47757.4714
2021-10-06,55555.0,50382.41,54527.82,50612.45,82933.768487
2021-10-07,55750.0,53357.0,53895.9,54527.82,59215.223204
2021-10-08,56100.0,53607.27,54501.0,53895.9,46315.62
2021-10-09,55489.0,53661.67,54900.0,54500.99,48958.867
2021-10-10,56074.43,54080.0,55312.65,54897.24,77582.91703
2021-10-11,57768.36,54333.85,57343.26,55312.65,69206.034042
2021-10-12,57839.04,55523.25,55575.27,57343.26,47580.767917
2021-10-13,57242.0,53879.0,56976.38,55575.28,59203.37633
2021-10-14,58532.54,56607.27,58029.33,56979.99,47582.110321
2021-10-15,61880.0,56818.05,61649.97,58029.33,71044.798407
2021-10-16,62933.0,60150.0,61055.65,61649.97,48809.814565
2021-10-17,61465.9,60299.33,60976.09,61055.65,26670.2128
2021-10-18,62695.78,58963.0,61850.01,60976.08,61373.651340000004
2021-10-19,63628.65,61034.05,63429.96,61850.0,47688.369214
2021-10-20,67000.0,63398.2,66644.01,63429.97,56279.984506
2021-10-21,66700.0,62000.0,62737.67,66644.0,66964.42517
2021-10-22,63732.39,60000.0,60638.65,62737.67,55803.35753
2021-10-23,61747.64,59562.15,61311.14,60638.66,29753.52293
2021-10-24,61500.0,59510.63,60114.62,61311.14,29033.36196
2021-10-25,63710.63,60086.7,63126.75,60114.62,37925.863190000004
2021-10-26,63329.48,61800.0,62326.59,63126.76,31886.73418
2021-10-27,62367.76,58000.0,58729.91,62326.59,65424.32261
2021-10-28,61800.0,57820.0,60126.36,58729.91,55751.69375
2021-10-29,62980.0,59534.8,62080.68,60126.36,54138.08009
2021-10-30,62718.87,60673.0,61560.91,62089.8,29961.02046
2021-10-31,62405.3,59945.36,60705.62,61560.91,40752.16761
2021-11-01,62437.74,59405.0,60555.01,60705.62,42938.31992
2021-11-02,64270.0,60322.67,63250.01,60555.01,45926.80352
2021-11-03,63670.97,60382.76,63149.04,63250.01,43732.05148
2021-11-04,63333.0,60723.0,60739.25,63149.05,38085.78865
2021-11-05,62595.72,60677.01,61195.59,60732.34,31743.7483
2021-11-06,61560.49,60050.0,60757.61,61195.58,26079.45457
2021-11-07,62499.44,60741.25,62435.84,60757.62,23621.3989
2021-11-08,66538.53,62120.68,65913.0,62435.84,49612.56471
2021-11-09,68524.25,65500.0,66520.37,65913.0,48739.545052
2021-11-10,69000.0,65888.0,67792.81,66520.38,43084.436596
2021-11-11,68013.64,62822.9,64746.0,67790.44,62043.85785
2021-11-12,65450.7,62278.0,63872.36,64746.0,42796.53409
2021-11-13,65000.0,63360.22,64134.69,63872.36,25011.94475
2021-11-14,65320.0,63576.27,64028.34,64134.68,22211.13544
2021-11-15,66401.82,63624.54,63812.79,64028.34,38165.04488
2021-11-16,64320.33,58574.07,59900.01,63812.79,74558.42645
2021-11-17,61199.65,58373.0,60470.65,59900.01,49605.5423
2021-11-18,60976.0,56592.06,57996.84,60470.65,57328.65815
2021-11-19,58484.94,55600.0,57879.47,58004.08,55920.93468
2021-11-20,59625.0,57353.0,59411.47,57879.46,33331.90793
2021-11-21,60029.76,58486.65,59436.01,59411.47,31976.53777
2021-11-22,59696.69,56404.66,56440.81,59436.02,46313.79217
2021-11-23,58009.99,55317.0,57421.01,56440.81,55066.17318
2021-11-24,57854.39,55837.0,56799.99,57421.0,38499.4009
2021-11-25,59390.0,56571.42,59116.69,56799.98,43652.75443
2021-11-26,59398.9,53500.0,54081.76,59116.7,65366.40809
2021-11-27,55280.0,53521.0,54976.9,54081.76,30506.069199999998
2021-11-28,55065.0,53256.64,54108.99,54976.9,29037.600879999998
2021-11-29,58865.97,54044.98,58633.12,54108.99,45356.32149
2021-11-30,59176.99,55875.55,58319.92,58633.12,50659.48642
2021-12-01,59053.55,56630.0,57461.32,58319.92,42008.8343
2021-12-02,57693.0,55777.77,56719.45,57461.32,40923.73546
2021-12-03,57600.0,54451.11,54881.62,56719.46,41015.11664
2021-12-04,54910.0,42000.3,48866.12,54881.63,127305.699148
2021-12-05,49699.05,47727.21,49089.18,48866.13,48851.88596
2021-12-06,49546.69,47100.0,49174.27,49089.19,54607.21245
2021-12-07,51936.33,48760.0,50921.61,49174.26,42027.701759999996
2021-12-08,51204.77,48600.0,50548.7,50921.61,40063.56745
2021-12-09,50896.08,47500.0,47753.24,50548.71,35564.38759
2021-12-10,50125.0,47251.06,47822.77,47751.87,45050.870500000005
2021-12-11,49276.0,46751.0,48671.6,47822.76,31564.81604
2021-12-12,50777.0,48385.98,50468.71,48671.6,25792.61177
2021-12-13,50600.0,46653.0,47444.56,50468.71,37763.44326
2021-12-14,47959.77,45672.75,46646.68,47444.55,48787.91227
2021-12-15,48850.0,46547.0,47829.99,46646.68,40002.93698
2021-12-16,49500.0,47212.0,47983.5,47830.0,45724.02381
2021-12-17,48387.54,45456.0,46989.28,47983.49,42380.54612
2021-12-18,47392.37,45500.0,46726.37,46989.28,28354.31295
2021-12-19,48300.01,46325.61,47121.57,46726.37,27658.61867
2021-12-20,47550.0,45558.85,46268.58,47117.22,33376.42034
2021-12-21,49328.96,46240.01,48441.51,46268.58,40806.97911
2021-12-22,49576.13,48332.5,48576.02,48441.51,27034.80291
2021-12-23,50776.98,47920.42,50619.98,48576.02,32135.71131
2021-12-24,51638.0,50384.43,51600.48,50619.98,33433.95985
2021-12-25,51810.0,50142.32,50986.34,51600.47,21539.57911
2021-12-26,51080.0,49412.0,50351.1,50986.35,21573.49564
2021-12-27,52088.0,49914.73,51690.69,50351.1,27309.74213
2021-12-28,51713.64,47600.0,47792.71,51690.68,45434.90229
2021-12-29,48142.78,46586.62,47531.47,47800.31,37130.88385
2021-12-30,47887.07,45900.0,47860.75,47531.47,34435.37698
2021-12-31,48548.26,46500.0,46686.41,47860.74,30529.225720000002
2022-01-01,47954.63,45678.0,47560.55,46686.42,25429.86224
2022-01-02,47990.0,46654.0,47058.12,47560.54,18536.9197
2022-01-03,47570.0,46263.29,46472.73,47056.43,24132.57062
2022-01-04,47557.54,45500.0,45750.0,46475.6,36132.12446
2022-01-05,47070.0,45550.0,45919.92,45750.01,29037.0402
2022-01-06,46118.85,42430.58,43369.04,45919.93,63400.58139
2022-01-07,43581.3,40610.0,41707.64,43369.04,54972.52794
2022-01-08,42246.37,40501.0,40679.82,41707.04,27031.900869999998
2022-01-09,42300.0,40520.0,41966.99,40679.82,27291.00966
2022-01-10,42786.7,39650.0,41604.58,41966.99,51064.90436
2022-01-11,43100.0,41158.99,42755.0,41604.58,38062.81828
2022-01-12,43095.26,42578.02,42675.0,42754.99,5610.0601
