,Index,datetime,signals,open,high,low,close,volume
0,0,2018-01-01,0,13715.65,13818.55,12750.0,13135.0,6970.441076
1,1,2018-01-02,0,13135.0,14750.0,12890.02,14580.0,16359.34734
2,2,2018-01-03,0,14576.87,15473.49,14150.0,14749.97,19457.2386
3,3,2018-01-04,0,14710.0,15280.0,13918.04,14811.0,18783.87656
4,4,2018-01-05,0,14805.01,17118.13,14600.0,16579.0,22383.65733
5,5,2018-01-06,0,16579.0,17176.24,16011.21,16769.89,20207.4443
6,6,2018-01-07,0,16775.0,17143.13,15610.0,16019.25,14684.02661
7,7,2018-01-08,0,16020.58,16500.0,12812.0,14900.0,24892.24412
8,8,2018-01-09,0,14900.0,15500.0,14011.05,14803.44,14683.26715
9,9,2018-01-10,0,14803.46,14863.93,13131.31,14548.32,18317.22535
10,10,2018-01-11,0,14548.32,14968.68,11400.0,13661.5,29883.34094
11,11,2018-01-12,0,13661.35,14109.78,12500.0,13405.28,19909.87155
12,12,2018-01-13,0,13379.69,14580.0,13350.0,14259.37,12690.13287
13,13,2018-01-14,0,14259.37,14348.19,12569.2,13265.0,16420.2972
14,14,2018-01-15,0,13265.0,14249.99,13081.0,13827.95,14435.81354
15,15,2018-01-16,0,13811.01,13891.01,10575.35,10993.18,44935.64954
16,16,2018-01-17,0,10993.13,11523.3,9035.0,9650.0,75283.36793
17,17,2018-01-18,0,9651.0,11878.82,9640.0,11465.0,57025.04753
18,18,2018-01-19,0,11465.0,11795.0,10360.0,11185.1,39463.66291
19,19,2018-01-20,0,11185.1,13099.0,11047.0,13035.0,29034.1669
20,20,2018-01-21,0,13035.02,13050.12,11024.0,11344.57,38457.18497
21,21,2018-01-22,0,11344.57,11926.35,10139.97,10399.81,40270.39499
22,22,2018-01-23,0,10399.82,11399.0,9900.24,11200.0,41347.54786
23,23,2018-01-24,0,11199.13,11570.48,10500.0,11069.09,29674.20477
24,24,2018-01-25,0,11068.79,11794.05,10950.21,11250.0,21799.94508
25,25,2018-01-26,0,11245.0,11643.0,10311.15,11033.0,32770.57013
26,26,2018-01-27,0,11039.0,11625.0,10800.93,11485.0,18668.63383
27,27,2018-01-28,0,11484.94,12244.0,11400.0,11783.0,17845.37606
28,28,2018-01-29,0,11783.05,11999.98,11139.55,11379.02,14696.78337
29,29,2018-01-30,0,11394.75,11410.0,9900.0,10073.79,20058.46752
30,30,2018-01-31,0,10090.0,10600.0,9700.0,10054.11,23688.96233
31,31,2018-02-01,0,10061.19,10335.0,9011.51,9130.03,25257.82256
32,32,2018-02-02,-1,9130.3,9560.01,8010.02,8647.91,54378.49192
33,33,2018-02-03,0,8647.91,9459.6,8229.0,9399.0,30086.95974
34,34,2018-02-04,1,9400.0,9473.01,8300.0,8349.04,25927.87222
35,35,2018-02-05,0,8359.99,8474.0,6929.83,6965.13,50871.96858
36,36,2018-02-06,-1,6966.46,7543.99,6000.01,7180.01,104991.2084
37,37,2018-02-07,0,7180.01,8476.0,7150.01,8225.0,67124.49181
38,38,2018-02-08,1,8225.0,8259.12,7531.11,7784.02,13118.94017
39,39,2018-02-09,0,7789.9,8738.0,7789.9,8624.6,14419.13624
40,40,2018-02-10,0,8624.59,9065.78,8120.0,8272.59,45930.98997
41,41,2018-02-11,0,8272.92,8572.0,7726.53,8313.33,48282.32817
42,42,2018-02-12,0,8321.22,8840.82,8015.0,8685.24,39195.08361
43,43,2018-02-13,0,8685.27,8989.0,8351.0,8569.69,38804.44845
44,44,2018-02-14,0,8569.69,9400.0,8461.0,9286.03,39594.08752
45,45,2018-02-15,0,9286.03,10219.5,9170.0,10063.75,49965.85287
46,46,2018-02-16,1,10056.11,10323.37,9666.0,9945.0,42039.72239
47,47,2018-02-17,0,9945.0,10877.91,9881.53,10752.96,40210.1539
48,48,2018-02-18,0,10752.95,11274.0,10080.0,10745.0,59818.32194
49,49,2018-02-19,0,10743.04,11250.0,10270.33,11082.94,42535.55281
50,50,2018-02-20,0,11093.98,11748.01,11005.0,11691.03,41084.93698
51,51,2018-02-21,-1,11691.05,11786.01,10312.12,10501.04,70124.51176
52,52,2018-02-22,0,10501.04,10933.44,9679.0,9868.95,69830.21839
53,53,2018-02-23,0,9862.33,10435.0,9570.19,10180.04,57307.81154
54,54,2018-02-24,0,10184.28,10496.97,9556.0,9560.26,42446.11035
55,55,2018-02-25,0,9560.26,9847.0,9274.8,9410.02,30679.11834
56,56,2018-02-26,0,9417.0,10400.0,9350.0,10251.07,34523.21475
57,57,2018-02-27,0,10251.07,10870.0,10121.0,10638.29,32081.10372
58,58,2018-02-28,0,10638.3,11098.0,10375.54,10480.98,29603.12218
59,59,2018-03-01,0,10480.88,10938.0,10240.0,10915.57,23946.97135
60,60,2018-03-02,0,10915.56,11200.0,10770.0,10909.99,26499.02351
61,61,2018-03-03,0,10909.99,11544.0,10837.97,11510.0,20880.25687
62,62,2018-03-04,0,11510.0,11539.96,11050.02,11370.0,17306.23269
63,63,2018-03-05,0,11370.01,11676.99,11291.01,11650.0,15377.66764
64,64,2018-03-06,1,11650.0,11710.0,10690.0,10697.95,26900.57177
65,65,2018-03-07,-1,10697.94,10899.0,9389.31,9700.76,47816.91273
66,66,2018-03-08,0,9700.0,10138.04,9060.0,9327.67,43767.49145
67,67,2018-03-09,0,9325.09,9471.0,8329.0,8894.62,59690.72899
68,68,2018-03-10,0,8894.62,9490.0,8653.88,9080.0,39834.19922
69,69,2018-03-11,0,9080.0,9711.0,8450.0,9589.02,44294.25338
70,70,2018-03-12,0,9589.02,9888.88,9004.0,9210.0,40776.18536
71,71,2018-03-13,0,9210.0,9474.0,8780.0,9130.65,44487.86546
72,72,2018-03-14,0,9142.51,9333.78,8201.0,8250.17,40917.24037
73,73,2018-03-15,0,8252.01,8430.0,7650.0,8126.0,59409.64435
74,74,2018-03-16,0,8126.0,8611.64,7900.0,8507.13,40465.23298
75,75,2018-03-17,0,8506.61,8588.88,7758.0,7818.95,31034.6098
76,76,2018-03-18,0,7820.0,8050.0,7322.0,7436.0,47402.69742
77,77,2018-03-19,0,7440.0,8705.23,7379.82,8298.98,66884.14113
78,78,2018-03-20,0,8298.98,8891.3,8280.0,8820.0,42863.35494
79,79,2018-03-21,0,8820.0,9177.01,8750.6,8879.0,44002.68907
80,80,2018-03-22,0,8880.0,9100.0,8465.1,8661.0,41076.61353
81,81,2018-03-23,0,8648.26,8770.0,8269.0,8622.01,39541.056
82,82,2018-03-24,0,8618.02,8999.95,8559.25,8916.01,32273.50243
83,83,2018-03-25,0,8916.01,8968.0,8365.77,8610.47,32907.70434
84,84,2018-03-26,0,8610.0,8669.85,7860.0,7883.0,38822.31429
85,85,2018-03-27,0,7883.06,8268.5,7730.0,7870.01,42064.9384
86,86,2018-03-28,0,7870.01,8109.0,7728.0,7944.69,28507.04876
87,87,2018-03-29,0,7940.12,8009.0,7334.0,7435.01,38660.55277
88,88,2018-03-30,0,7435.01,7478.94,6600.1,6738.58,76318.90225
89,89,2018-03-31,-1,6738.58,7223.36,6710.0,7021.0,39645.83178
90,90,2018-04-01,0,7021.0,7068.9,6430.0,6815.0,42111.19484
91,91,2018-04-02,0,6815.27,7125.0,6753.0,6979.89,34874.54543
92,92,2018-04-03,0,6974.07,7499.99,6890.0,7466.0,36433.08981
93,93,2018-04-04,1,7466.85,7520.0,6721.0,6850.0,42227.81871
94,94,2018-04-05,0,6850.0,6902.0,6566.69,6700.0,40419.52274
95,95,2018-04-06,0,6708.71,6850.0,6500.0,6589.0,29148.42681
96,96,2018-04-07,0,6589.99,7070.0,6516.67,6985.71,31412.08108
97,97,2018-04-08,0,6985.73,7109.13,6850.01,6999.99,22718.92808
98,98,2018-04-09,0,6999.99,7185.0,6676.5,6750.01,31783.69109
99,99,2018-04-10,0,6750.01,6874.0,6611.0,6853.0,23781.92918
100,100,2018-04-11,0,6853.0,6990.0,6768.01,6899.75,23410.51131
101,101,2018-04-12,0,6899.75,8012.23,6743.2,7689.89,59200.16839
102,102,2018-04-13,0,7688.67,8233.39,7680.0,8117.84,51872.51769
103,103,2018-04-14,0,8117.93,8186.0,7768.47,8028.0,40739.34122
104,104,2018-04-15,0,8028.0,8429.54,7941.0,8321.02,28536.39368
105,105,2018-04-16,1,8321.5,8419.0,7867.0,8020.0,35979.96594
106,106,2018-04-17,0,8020.0,8173.7,7912.08,7945.17,27954.21814
107,107,2018-04-18,0,7941.97,8149.89,7825.4,8109.0,29490.94348
108,108,2018-04-19,0,8109.0,8296.0,8080.0,8274.57,29014.33489
109,109,2018-04-20,0,8274.57,8577.9,8177.09,8505.01,33998.03954
110,110,2018-04-21,0,8505.04,9035.0,8490.0,8779.97,46638.26569
111,111,2018-04-22,0,8780.0,9020.67,8707.0,8948.8,27251.46643
112,112,2018-04-23,0,8948.8,8985.0,8727.68,8893.99,27843.53544
113,113,2018-04-24,0,8894.0,9420.0,8800.6,9410.99,38860.78279
114,114,2018-04-25,0,9410.99,9759.82,8730.0,8991.03,82692.02653
115,115,2018-04-26,0,8991.04,9185.01,8651.62,8845.09,43964.48387
116,116,2018-04-27,0,8845.1,9395.0,8838.35,9230.89,37434.46561
117,117,2018-04-28,0,9230.89,9427.48,8870.0,9390.52,39213.11527
118,118,2018-04-29,0,9398.98,9570.51,9163.74,9344.0,38776.43008
119,119,2018-04-30,0,9344.0,9458.64,9124.99,9350.0,32496.75476
120,120,2018-05-01,0,9351.0,9359.48,8800.49,8985.0,42487.37262
121,121,2018-05-02,0,8985.0,9217.3,8962.0,9125.0,26127.7889
122,122,2018-05-03,0,9136.68,9779.0,9068.5,9684.99,37319.89534
123,123,2018-05-04,0,9690.0,9844.0,9520.85,9649.97,31965.54215
124,124,2018-05-05,0,9649.95,10020.0,9631.03,9888.73,24422.68778
125,125,2018-05-06,0,9888.73,9970.0,9417.03,9572.71,28788.86337
126,126,2018-05-07,0,9572.71,9689.67,9181.0,9376.7,31834.94514
127,127,2018-05-08,0,9376.66,9475.7,9060.54,9217.0,27104.43819
128,128,2018-05-09,0,9217.0,9390.0,8965.0,9288.88,25576.17832
129,129,2018-05-10,-1,9288.88,9395.12,9065.0,9130.0,22850.8924
130,130,2018-05-11,0,9129.99,9134.98,8462.0,8606.93,45804.00888
131,131,2018-05-12,0,8603.85,8684.0,8153.0,8350.0,43309.71191
132,132,2018-05-13,0,8349.0,8700.96,8298.0,8634.5,25766.06607
133,133,2018-05-14,0,8634.48,8823.99,8277.0,8729.95,36379.6918
134,134,2018-05-15,0,8729.45,8879.99,8427.0,8508.4,29297.61494
135,135,2018-05-16,0,8508.4,8588.64,8083.01,8266.5,32675.40954
136,136,2018-05-17,0,8266.5,8464.0,8101.0,8154.0,20902.1875
137,137,2018-05-18,0,8154.0,8241.91,7911.9,8200.0,27297.07895
138,138,2018-05-19,0,8202.67,8390.8,8095.73,8289.0,18030.43665
139,139,2018-05-20,0,8286.55,8558.0,8163.9,8536.0,19324.29714
140,140,2018-05-21,0,8531.01,8609.0,8305.0,8341.0,22050.55022
141,141,2018-05-22,0,8340.99,8449.11,8145.0,8214.39,19342.17274
142,142,2018-05-23,0,8214.39,8233.99,7425.0,7478.95,41586.11025
143,143,2018-05-24,-1,7472.76,7730.73,7266.99,7586.66,41193.68192
144,144,2018-05-25,0,7586.66,7649.55,7308.15,7418.1,28281.80096
145,145,2018-05-26,0,7416.98,7620.0,7344.35,7550.0,17602.40932
146,146,2018-05-27,0,7550.0,7620.0,7231.11,7277.0,21276.23019
147,147,2018-05-28,0,7276.99,7437.0,7148.16,7195.22,24783.96551
148,148,2018-05-29,0,7195.22,7540.0,7032.95,7455.82,39119.91664
149,149,2018-05-30,0,7455.82,7569.0,7260.5,7300.63,32883.3682
150,150,2018-05-31,0,7300.22,7699.0,7288.0,7557.09,30082.64123
151,151,2018-06-01,0,7557.09,7608.55,7355.54,7404.99,29073.57151
152,152,2018-06-02,0,7404.3,7697.33,7396.0,7660.29,27643.3872
153,153,2018-06-03,0,7659.14,7786.69,7600.0,7678.0,25849.52169
154,154,2018-06-04,0,7678.0,7760.52,7446.5,7498.0,32767.48501
155,155,2018-06-05,0,7498.0,7679.49,7358.0,7618.66,31951.38576
156,156,2018-06-06,0,7618.67,7690.52,7467.05,7516.59,27256.93182
157,157,2018-06-07,0,7516.57,7765.0,7502.02,7697.2,26093.35987
158,158,2018-06-08,0,7698.31,7707.74,7531.0,7637.63,24050.13889
159,159,2018-06-09,0,7637.63,7683.98,7563.3,7608.36,17260.05878
160,160,2018-06-10,1,7608.35,7629.94,6622.81,6760.26,43886.83039
161,161,2018-06-11,0,6757.49,6841.35,6610.0,6740.32,41787.52398
162,162,2018-06-12,0,6740.38,6922.0,6653.0,6671.31,30517.48258
163,163,2018-06-13,0,6678.34,6685.17,6118.68,6319.95,52007.36783
164,164,2018-06-14,0,6319.02,6720.0,6219.0,6649.87,44534.56668
165,165,2018-06-15,0,6644.61,6700.0,6445.0,6542.44,31117.87649
166,166,2018-06-16,0,6542.49,6560.0,6320.86,6508.0,24651.39192
167,167,2018-06-17,0,6506.19,6589.03,6435.0,6515.0,19052.72786
168,168,2018-06-18,0,6510.47,6794.38,6380.0,6718.15,30113.60892
169,169,2018-06-19,0,6718.01,6841.74,6653.0,6710.49,28112.88935
170,170,2018-06-20,0,6710.4,6817.23,6551.81,6757.5,24931.69458
171,171,2018-06-21,0,6755.4,6795.0,6672.57,6697.0,24935.45813
172,172,2018-06-22,0,6695.1,6748.0,6070.61,6212.96,42996.77514
173,173,2018-06-23,0,6212.96,6232.72,5918.94,6120.0,34942.51604
174,174,2018-06-24,0,6117.19,6260.0,5750.0,6172.9,46144.06786
175,175,2018-06-25,0,6171.34,6350.0,6061.97,6265.0,40508.88495
176,176,2018-06-26,0,6264.99,6290.0,6121.05,6168.73,18346.29996
177,177,2018-06-27,0,6163.58,6272.54,5971.0,6123.0,22426.63868
178,178,2018-06-28,0,6123.99,6190.43,6060.59,6106.86,22194.56407
179,179,2018-06-29,0,6107.85,6114.34,5780.0,5883.2,35430.49744
180,180,2018-06-30,0,5883.19,6528.99,5868.0,6316.52,42508.95472
181,181,2018-07-01,0,6315.21,6441.06,6251.0,6324.0,25772.72758
182,182,2018-07-02,0,6324.0,6679.71,6271.62,6641.79,37186.53639
183,183,2018-07-03,0,6642.99,6685.0,6519.99,6569.92,33191.09154
184,184,2018-07-04,0,6569.93,6784.92,6441.11,6669.65,29432.2114
185,185,2018-07-05,0,6674.0,6712.0,6453.33,6486.51,34271.39579
186,186,2018-07-06,0,6488.24,6648.54,6425.0,6565.14,31161.5358
187,187,2018-07-07,0,6565.14,6630.0,6511.44,6559.03,21013.44709
188,188,2018-07-08,0,6559.03,6818.16,6508.88,6754.98,26283.313
189,189,2018-07-09,0,6754.98,6774.85,6657.02,6697.28,25673.99956
190,190,2018-07-10,0,6697.27,6802.06,6325.99,6374.7,39680.48654
191,191,2018-07-11,0,6374.26,6406.0,6263.0,6337.54,29769.13841
192,192,2018-07-12,0,6337.4,6381.08,6135.0,6168.99,29101.73883
193,193,2018-07-13,0,6169.0,6350.0,6070.0,6237.24,26212.3689
194,194,2018-07-14,0,6237.24,6300.0,6110.0,6236.99,19960.45396
195,195,2018-07-15,0,6237.0,6395.0,6205.0,6356.82,24092.30595
196,196,2018-07-16,0,6356.82,6714.96,6330.4,6664.87,34654.86412
197,197,2018-07-17,0,6663.5,7468.99,6635.58,7345.0,45916.34618
198,198,2018-07-18,1,7343.03,7588.08,7261.0,7429.94,56217.76677
199,199,2018-07-19,0,7429.94,7521.86,7225.38,7427.0,48310.41597
200,200,2018-07-20,0,7424.92,7700.0,7273.0,7361.0,46734.19414
201,201,2018-07-21,0,7361.22,7442.12,7211.0,7433.77,31360.11433
202,202,2018-07-22,0,7433.78,7555.0,7339.0,7520.29,27026.43765
203,203,2018-07-23,0,7520.01,7833.0,7335.5,7743.8,42850.45656
204,204,2018-07-24,0,7742.73,8371.93,7696.0,8258.35,56703.91823
205,205,2018-07-25,0,8258.34,8491.77,8050.0,8076.17,49291.08849
206,206,2018-07-26,0,8076.1,8337.6,8075.09,8245.29,33391.51493
207,207,2018-07-27,0,8245.29,8299.08,7805.0,8269.22,55254.92151
208,208,2018-07-28,0,8269.22,8285.0,8067.0,8193.65,29190.61343
209,209,2018-07-29,0,8193.68,8294.51,8115.0,8212.98,25416.48201
210,210,2018-07-30,0,8212.99,8278.78,7866.0,7963.34,35000.85873
211,211,2018-07-31,0,7963.02,8200.0,7656.74,7745.23,48777.37585
212,212,2018-08-01,-1,7745.23,7777.0,7464.81,7542.5,41757.27433
213,213,2018-08-02,0,7542.51,7709.46,7430.0,7507.63,40750.13715
214,214,2018-08-03,0,7506.82,7575.0,7282.44,7470.54,42824.99087
215,215,2018-08-04,0,7473.29,7494.81,6926.0,6985.77,41787.58147
216,216,2018-08-05,0,6983.99,7089.87,6882.29,7014.7,29786.26436
217,217,2018-08-06,0,7015.0,7160.0,6861.06,6923.88,31687.79944
218,218,2018-08-07,0,6923.88,7150.46,6821.0,7104.89,35000.13707
219,219,2018-08-08,0,7101.03,7113.89,6123.0,6264.78,66194.64013
220,220,2018-08-09,0,6264.77,6550.0,6178.6,6469.65,50851.6261
221,221,2018-08-10,0,6470.0,6622.81,6299.82,6396.35,51198.81208
222,222,2018-08-11,0,6396.34,6488.0,5971.0,6387.89,61989.00671
223,223,2018-08-12,0,6385.7,6411.0,6130.0,6303.08,31949.33496
224,224,2018-08-13,0,6303.93,6545.0,6145.04,6240.0,56018.20758
225,225,2018-08-14,0,6240.0,6297.0,5880.0,6040.0,52786.30897
226,226,2018-08-15,0,6040.0,6609.0,6040.0,6525.94,58669.14368
227,227,2018-08-16,0,6526.01,6535.0,6205.6,6422.62,58551.60149
228,228,2018-08-17,0,6421.14,6562.72,6228.0,6519.92,53911.25658
229,229,2018-08-18,0,6516.26,6620.0,6288.0,6367.99,55605.64477
230,230,2018-08-19,0,6368.48,6469.32,6300.0,6362.71,43232.40732
231,231,2018-08-20,0,6362.74,6541.0,6355.0,6468.17,47138.6071
232,232,2018-08-21,0,6468.17,6490.0,6220.0,6450.0,50843.49982
233,233,2018-08-22,0,6447.99,6882.54,6384.3,6408.26,63209.18243
234,234,2018-08-23,0,6408.25,6494.26,6251.2,6449.52,49031.59939
235,235,2018-08-24,0,6449.48,6642.0,6360.0,6632.33,38277.24536
236,236,2018-08-25,0,6632.33,6789.0,6590.0,6706.35,26820.125
237,237,2018-08-26,0,6709.88,6775.27,6568.0,6696.39,20157.0566
238,238,2018-08-27,0,6693.13,6768.28,6646.5,6730.01,30233.22007
239,239,2018-08-28,0,6730.01,7091.0,6710.2,7064.77,48987.79843
240,240,2018-08-29,1,7064.77,7135.0,6912.34,7008.57,45489.43487
241,241,2018-08-30,0,7008.56,7070.0,6784.81,6819.5,42329.69996
242,242,2018-08-31,0,6819.49,7089.0,6800.0,7044.49,42368.75591
243,243,2018-09-01,0,7046.2,7225.0,6992.02,7204.61,38621.275
244,244,2018-09-02,0,7200.81,7345.45,7127.0,7308.84,42916.43403
245,245,2018-09-03,0,7311.69,7333.33,7191.63,7284.35,31133.50424
246,246,2018-09-04,0,7284.36,7410.0,7225.89,7358.03,36957.86875
247,247,2018-09-05,0,7358.49,7397.3,6851.0,6923.63,55593.67635
248,248,2018-09-06,-1,6923.64,6995.0,6265.0,6424.59,67311.61519
249,249,2018-09-07,0,6422.97,6544.0,6320.0,6417.11,40479.7252
250,250,2018-09-08,0,6416.55,6478.0,6125.0,6186.29,35159.38719
251,251,2018-09-09,0,6186.28,6441.0,6111.0,6377.52,38056.87167
252,252,2018-09-10,0,6375.47,6400.0,6211.0,6279.46,33702.53559
253,253,2018-09-11,0,6280.14,6404.0,6169.68,6243.25,33193.64492
254,254,2018-09-12,0,6243.63,6360.0,6192.37,6315.65,30979.74464
255,255,2018-09-13,0,6316.07,6535.0,6292.51,6482.17,38699.86568
256,256,2018-09-14,0,6483.01,6584.99,6385.62,6477.95,38853.99556
257,257,2018-09-15,0,6476.06,6565.45,6449.38,6523.02,27508.48117
258,258,2018-09-16,0,6522.99,6539.1,6370.0,6487.96,26766.59632
259,259,2018-09-17,0,6487.95,6533.84,6225.0,6298.0,33601.54297
260,260,2018-09-18,0,6297.99,6390.0,6201.0,6335.0,34281.69138
261,261,2018-09-19,0,6334.51,6369.04,6123.0,6167.4,30788.06359
262,262,2018-09-20,0,6160.93,6517.7,6123.0,6407.0,28659.58891
263,263,2018-09-21,0,6405.54,6779.01,6325.0,6739.98,53129.67967
264,264,2018-09-22,0,6737.01,6839.03,6627.0,6741.98,36769.86677
265,265,2018-09-23,0,6741.97,6788.23,6661.75,6707.4,27514.36718
266,266,2018-09-24,0,6707.37,6730.0,6563.14,6645.15,34048.78737
267,267,2018-09-25,0,6645.15,6650.0,6325.02,6347.58,38734.32724
268,268,2018-09-26,0,6348.0,6557.99,6345.85,6520.01,34190.83985
269,269,2018-09-27,0,6520.01,6540.0,6430.0,6526.98,28901.53216
270,270,2018-09-28,0,6526.09,6814.8,6510.69,6650.21,45518.70499
271,271,2018-09-29,0,6650.26,6700.0,6464.57,6592.03,33204.44508
272,272,2018-09-30,0,6592.02,6662.0,6542.48,6624.03,26385.60075
273,273,2018-10-01,0,6624.07,6667.09,6510.0,6592.82,21894.38632
274,274,2018-10-02,0,6591.0,6640.0,6494.0,6572.01,28735.09282
275,275,2018-10-03,0,6571.03,6586.0,6430.0,6497.43,28023.57141
276,276,2018-10-04,0,6494.0,6643.46,6450.73,6608.08,21239.81513
277,277,2018-10-05,0,6608.16,6632.98,6543.08,6591.02,14297.57459
278,278,2018-10-06,0,6591.02,6697.0,6566.77,6591.0,13762.37608
279,279,2018-10-07,0,6591.0,6609.83,6525.0,6594.27,18368.39313
280,280,2018-10-08,0,6595.0,6715.6,6579.01,6664.45,23085.69054
281,281,2018-10-09,0,6664.44,6705.0,6607.0,6661.0,12056.9505
282,282,2018-10-10,0,6661.5,6674.94,6530.0,6637.2,18783.7143
283,283,2018-10-11,0,6637.2,6646.2,6219.17,6296.51,43485.69488
284,284,2018-10-12,0,6296.49,6360.0,6205.0,6311.44,31412.09526
285,285,2018-10-13,0,6311.45,6345.0,6278.0,6306.93,22829.2275
286,286,2018-10-14,0,6306.93,6416.0,6301.05,6397.0,13313.69311
287,287,2018-10-15,0,6397.0,7680.0,6300.0,6812.57,84356.70639
288,288,2018-10-16,0,6812.57,6900.0,6650.0,6730.66,32038.95322
289,289,2018-10-17,0,6728.47,6811.12,6676.01,6742.51,29322.0479
290,290,2018-10-18,0,6742.19,6796.0,6611.95,6634.0,19661.83053
291,291,2018-10-19,0,6634.0,6648.14,6551.02,6569.96,18671.09771
292,292,2018-10-20,0,6568.7,6617.65,6505.55,6565.15,23648.89575
293,293,2018-10-21,0,6565.15,6663.9,6562.2,6626.86,5334.202558
294,294,2018-10-22,0,6626.42,6639.0,6535.27,6563.03,15301.08947
295,295,2018-10-23,0,6563.3,6595.0,6515.45,6560.93,14014.57486
296,296,2018-10-24,0,6560.93,6630.0,6541.01,6585.99,12105.64417
297,297,2018-10-25,0,6585.01,6590.54,6502.8,6560.0,11858.79565
298,298,2018-10-26,0,6560.0,6600.0,6515.01,6539.8,9567.175691
299,299,2018-10-27,0,6539.38,6558.35,6463.04,6488.45,6898.434128
300,300,2018-10-28,0,6488.45,6514.17,6475.0,6477.26,6157.930348
301,301,2018-10-29,-1,6477.28,6505.01,6315.0,6361.55,13355.94729
302,302,2018-10-30,0,6361.24,6395.0,6317.0,6338.53,8753.097797
303,303,2018-10-31,0,6338.53,6428.0,6245.02,6367.81,12936.92413
304,304,2018-11-01,0,6367.0,6400.0,6348.66,6373.94,7686.12583
305,305,2018-11-02,0,6373.94,6460.34,6370.0,6425.14,10678.96719
306,306,2018-11-03,0,6424.53,6445.0,6345.0,6373.09,8126.497572
307,307,2018-11-04,0,6373.09,6525.0,6359.0,6493.75,9814.670091
308,308,2018-11-05,0,6492.3,6504.39,6431.02,6439.94,9665.452669
309,309,2018-11-06,0,6444.68,6514.73,6437.0,6491.36,10438.87299
310,310,2018-11-07,0,6491.36,6615.15,6475.6,6577.0,15470.08082
311,311,2018-11-08,0,6577.0,6594.0,6471.22,6492.98,12487.08306
312,312,2018-11-09,0,6492.98,6515.0,6391.01,6426.32,12403.44903
313,313,2018-11-10,0,6428.62,6475.55,6391.5,6447.78,8125.677398
314,314,2018-11-11,0,6450.04,6465.0,6355.0,6412.36,7695.843226
315,315,2018-11-12,0,6410.24,6497.0,6404.0,6439.03,10183.21334
316,316,2018-11-13,0,6440.5,6498.0,6391.15,6457.34,11216.77521
317,317,2018-11-14,1,6457.34,6492.0,5829.67,5880.0,33919.57963
318,318,2018-11-15,0,5876.84,5939.54,5403.42,5673.89,57068.20845
319,319,2018-11-16,0,5673.95,5782.89,5560.05,5656.76,36021.02886
320,320,2018-11-17,0,5657.2,5668.91,5549.25,5606.23,29942.79089
321,321,2018-11-18,0,5607.34,5688.84,5588.89,5679.0,22241.09961
322,322,2018-11-19,0,5679.98,5738.17,5050.0,5058.32,55986.71729
323,323,2018-11-20,0,5055.96,5134.57,4405.0,4729.51,109069.8328
324,324,2018-11-21,0,4727.9,4787.2,4326.0,4556.0,78412.21259
325,325,2018-11-22,0,4555.98,4721.77,4469.84,4532.45,36743.68955
326,326,2018-11-23,0,4533.99,4580.0,4222.94,4349.56,51174.12363
327,327,2018-11-24,0,4348.61,4527.0,4324.15,4341.42,34140.52312
328,328,2018-11-25,-1,4340.87,4353.55,3652.66,3860.0,109551.2561
329,329,2018-11-26,0,3862.58,4233.0,3701.0,3958.5,99919.6181
330,330,2018-11-27,0,3954.51,3987.0,3689.12,3834.01,76195.82704
331,331,2018-11-28,0,3835.89,4315.0,3790.0,4301.0,82908.84943
332,332,2018-11-29,0,4301.0,4450.38,4125.65,4271.96,83777.45881
333,333,2018-11-30,1,4271.98,4341.36,3943.0,4037.02,72115.85917
334,334,2018-12-01,0,4036.12,4299.99,3951.0,4245.08,45622.67227
335,335,2018-12-02,0,4245.0,4312.99,4103.04,4162.22,37978.48083
336,336,2018-12-03,0,4162.61,4268.0,3827.0,3901.32,50604.05208
337,337,2018-12-04,0,3901.32,4085.0,3781.0,3960.04,49115.91118
338,338,2018-12-05,0,3960.04,3980.0,3745.0,3797.99,43565.76565
339,339,2018-12-06,0,3797.99,3899.99,3613.13,3658.6,61226.65162
340,340,2018-12-07,0,3660.05,3700.0,3224.6,3255.01,85056.83918
341,341,2018-12-08,-1,3255.01,3549.99,3222.0,3404.94,64898.57363
342,342,2018-12-09,0,3403.6,3658.0,3276.47,3585.0,53035.28324
343,343,2018-12-10,0,3585.03,3610.0,3400.12,3426.29,39612.905
344,344,2018-12-11,0,3423.19,3480.0,3324.32,3375.08,38048.29048
345,345,2018-12-12,0,3374.2,3492.0,3350.0,3459.98,36131.94051
346,346,2018-12-13,0,3460.0,3472.73,3362.93,3397.11,29221.80143
347,347,2018-12-14,1,3397.14,3399.2,3200.0,3217.98,49689.62041
348,348,2018-12-15,0,3217.98,3281.87,3156.26,3182.73,33394.8015
349,349,2018-12-16,0,3183.9,3294.0,3180.0,3235.9,26649.54663
350,350,2018-12-17,0,3236.9,3547.0,3215.2,3539.35,50164.56831
351,351,2018-12-18,0,3540.06,3585.0,3424.47,3503.09,65888.94959
352,352,2018-12-19,0,3503.02,3912.73,3500.04,3774.55,94417.95085
353,353,2018-12-20,0,3773.98,4120.0,3630.23,4003.17,98389.16105
354,354,2018-12-21,0,4007.59,4139.99,3860.0,3916.76,85096.2412
355,355,2018-12-22,0,3916.76,3938.0,3764.0,3850.27,49848.64998
356,356,2018-12-23,0,3852.35,4021.53,3819.0,3953.29,44169.00273
357,357,2018-12-24,0,3953.0,4198.0,3888.0,4032.98,60156.38705
358,358,2018-12-25,0,4032.98,4066.0,3646.41,3706.29,62563.11475
359,359,2018-12-26,0,3705.35,3837.15,3656.74,3733.0,44581.49999
360,360,2018-12-27,0,3732.71,3813.98,3670.0,3715.0,35993.15472
361,361,2018-12-28,0,3715.9,3869.0,3535.0,3816.89,52619.04017
362,362,2018-12-29,0,3816.29,3892.0,3756.2,3791.85,37490.70668
363,363,2018-12-30,0,3791.86,3903.5,3657.9,3781.71,37549.22849
364,364,2018-12-31,0,3781.77,3823.0,3692.11,3741.52,28886.51618
365,365,2019-01-01,0,3741.27,3756.94,3630.33,3659.41,22958.29595
366,366,2019-01-02,0,3659.56,3865.72,3659.56,3828.87,36236.18181
367,367,2019-01-03,0,3827.22,3882.14,3730.0,3757.89,32564.54456
368,368,2019-01-04,0,3757.58,3800.0,3703.57,3730.0,27512.84811
369,369,2019-01-05,0,3730.41,3840.99,3729.02,3809.02,31565.50562
370,370,2019-01-06,0,3810.0,4027.71,3740.0,3989.09,33580.89835
371,371,2019-01-07,0,3990.0,4017.9,3921.53,3977.89,35239.73723
372,372,2019-01-08,0,3977.0,4069.8,3922.0,3968.46,38300.27718
373,373,2019-01-09,0,3969.42,4006.81,3903.0,3971.38,29575.39578
374,374,2019-01-10,0,3970.06,3996.01,3540.0,3573.78,55859.67549
375,375,2019-01-11,0,3573.78,3635.0,3540.33,3605.88,36379.91768
376,376,2019-01-12,0,3605.88,3658.0,3465.0,3591.92,28532.369
377,377,2019-01-13,0,3591.92,3612.39,3441.3,3462.75,25101.37981
378,378,2019-01-14,0,3463.0,3671.87,3454.0,3628.01,34568.59081
379,379,2019-01-15,0,3629.32,3665.0,3578.07,3596.98,30577.52964
380,380,2019-01-16,0,3596.96,3645.0,3516.62,3588.75,32218.16549
381,381,2019-01-17,0,3588.46,3633.0,3530.39,3605.69,29024.28484
382,382,2019-01-18,0,3605.97,3634.7,3565.75,3582.23,24899.75063
383,383,2019-01-19,0,3582.56,3720.0,3566.1,3682.35,22589.93603
384,384,2019-01-20,0,3682.33,3693.73,3475.0,3523.0,27263.92239
385,385,2019-01-21,0,3523.02,3559.51,3501.0,3534.98,18670.44938
386,386,2019-01-22,0,3534.3,3590.8,3434.85,3588.0,29599.21262
387,387,2019-01-23,0,3589.71,3608.5,3543.99,3571.18,21274.25337
388,388,2019-01-24,0,3571.11,3576.97,3514.5,3555.88,23915.3332
389,389,2019-01-25,0,3555.86,3589.0,3522.51,3545.3,19591.05847
390,390,2019-01-26,0,3545.32,3662.94,3540.35,3569.42,20174.68479
391,391,2019-01-27,0,3569.98,3579.0,3486.0,3557.13,22262.02284
392,392,2019-01-28,0,3557.13,3571.09,3380.27,3424.01,38974.31215
393,393,2019-01-29,0,3424.03,3445.99,3349.92,3413.41,29911.34929
394,394,2019-01-30,0,3413.41,3478.0,3387.1,3469.7,24405.40006
395,395,2019-01-31,0,3469.72,3489.2,3418.8,3424.63,28664.49486
396,396,2019-02-01,0,3425.22,3479.99,3401.2,3472.01,25085.51893
397,397,2019-02-02,0,3472.22,3488.0,3440.29,3466.89,17615.31126
398,398,2019-02-03,0,3467.19,3526.4,3447.44,3466.88,18855.79949
399,399,2019-02-04,0,3466.88,3484.88,3426.0,3467.52,23978.91653
400,400,2019-02-05,0,3467.99,3478.97,3448.43,3456.0,25461.89685
401,401,2019-02-06,0,3455.95,3482.72,3380.0,3406.04,35681.03857
402,402,2019-02-07,0,3406.37,3426.45,3392.0,3398.98,20215.30367
403,403,2019-02-08,0,3398.54,3733.58,3373.1,3654.03,43501.99633
404,404,2019-02-09,0,3654.76,3680.02,3612.0,3640.37,27614.2413
405,405,2019-02-10,0,3640.06,3674.0,3609.76,3646.32,21993.61391
406,406,2019-02-11,0,3646.32,3684.99,3615.53,3640.39,25690.06643
407,407,2019-02-12,0,3640.39,3667.6,3582.34,3635.4,28276.17026
408,408,2019-02-13,0,3635.88,3670.0,3591.75,3612.5,28214.48243
409,409,2019-02-14,0,3612.48,3626.4,3568.11,3611.44,22547.53045
410,410,2019-02-15,0,3611.87,3653.23,3573.45,3602.37,21619.0773
411,411,2019-02-16,0,3602.06,3648.2,3590.0,3626.32,18686.27044
412,412,2019-02-17,0,3626.31,3700.11,3604.4,3616.24,22328.49388
413,413,2019-02-18,0,3616.27,3925.0,3610.0,3900.67,63220.6927
414,414,2019-02-19,0,3900.35,3994.52,3856.0,3950.02,49823.46217
415,415,2019-02-20,0,3950.02,3986.98,3870.66,3952.08,38215.59407
416,416,2019-02-21,0,3952.97,4016.48,3901.03,3920.85,33156.82132
417,417,2019-02-22,0,3921.33,3988.0,3915.33,3966.11,24594.30936
418,418,2019-02-23,0,3966.56,4145.41,3933.15,4092.96,28151.87753
419,419,2019-02-24,0,4094.26,4198.0,3712.66,3795.03,63119.92278
420,420,2019-02-25,0,3795.05,3871.27,3740.0,3868.77,38697.17049
421,421,2019-02-26,0,3869.1,3872.66,3777.0,3804.33,31729.05731
422,422,2019-02-27,0,3804.49,3838.85,3788.0,3809.64,23210.90648
423,423,2019-02-28,0,3809.64,3888.0,3677.17,3832.14,40231.70993
424,424,2019-03-01,0,3832.13,3855.0,3805.0,3849.79,23258.0749
425,425,2019-03-02,0,3848.7,3857.0,3772.25,3814.79,21894.25637
426,426,2019-03-03,0,3815.47,3835.0,3781.32,3808.61,16375.86852
427,427,2019-03-04,0,3808.6,3830.0,3670.69,3720.4,33332.26022
428,428,2019-03-05,0,3720.4,3877.1,3696.72,3847.13,32513.07963
429,429,2019-03-06,0,3848.14,3907.0,3813.09,3862.83,25754.16202
430,430,2019-03-07,0,3862.28,3905.4,3840.4,3885.88,26738.45028
431,431,2019-03-08,0,3886.63,3930.0,3862.32,3913.18,26025.41323
432,432,2019-03-09,0,3911.45,3971.75,3800.0,3929.6,38903.06733
433,433,2019-03-10,0,3929.57,3946.45,3881.69,3903.62,23269.47109
434,434,2019-03-11,0,3903.55,3936.98,3830.0,3869.08,35510.36691
435,435,2019-03-12,0,3869.05,3905.2,3826.06,3880.02,29139.01977
436,436,2019-03-13,0,3880.54,3893.56,3840.0,3866.21,25303.17537
437,437,2019-03-14,0,3866.19,3920.0,3810.43,3874.37,27548.03248
438,438,2019-03-15,0,3874.37,3939.22,3870.0,3930.52,21513.85377
439,439,2019-03-16,0,3930.48,4056.98,3905.92,3999.15,28518.94919
440,440,2019-03-17,0,3999.74,4012.0,3950.01,3985.89,18270.64769
441,441,2019-03-18,0,3985.89,4037.0,3953.33,3977.85,23142.78138
442,442,2019-03-19,0,3977.87,4031.0,3969.62,4004.14,20110.41546
443,443,2019-03-20,0,4004.46,4040.89,3980.5,4022.59,21985.6686
444,444,2019-03-21,0,4022.6,4069.32,3880.01,3972.44,36637.45688
445,445,2019-03-22,0,3971.14,4008.0,3968.25,3997.03,20875.65939
446,446,2019-03-23,0,3996.41,4018.83,3973.57,3992.87,17381.81752
447,447,2019-03-24,0,3992.87,4007.9,3975.0,3984.6,15635.21766
448,448,2019-03-25,0,3984.95,3999.3,3906.0,3916.72,28345.80921
449,449,2019-03-26,0,3916.72,3958.98,3888.71,3942.45,34224.23929
450,450,2019-03-27,0,3942.35,4040.36,3924.95,4018.69,31371.19262
451,451,2019-03-28,0,4019.18,4048.0,4002.0,4028.5,22442.33434
452,452,2019-03-29,0,4028.5,4123.71,4019.93,4106.0,28940.97642
453,453,2019-03-30,0,4106.0,4140.0,4052.0,4089.82,21189.8521
454,454,2019-03-31,0,4089.23,4116.12,4082.57,4102.04,13365.74397
455,455,2019-04-01,0,4102.04,4158.7,4067.0,4140.04,24845.32052
456,456,2019-04-02,0,4140.04,4841.44,4133.8,4714.21,92263.89906
457,457,2019-04-03,1,4714.21,5150.19,4702.0,5093.94,90702.87002
458,458,2019-04-04,0,5096.57,5275.01,4760.0,4844.25,84771.06485
459,459,2019-04-05,0,4845.31,5028.22,4777.0,4990.49,45610.57004
460,460,2019-04-06,0,4992.08,5205.0,4950.02,5142.45,35369.76458
461,461,2019-04-07,0,5141.85,5175.09,4928.59,5120.0,37923.69818
462,462,2019-04-08,0,5119.55,5305.0,5039.0,5167.15,54196.87445
463,463,2019-04-09,0,5167.0,5255.0,5076.68,5172.05,37311.31864
464,464,2019-04-10,0,5174.04,5422.0,5121.0,5351.79,31802.48594
465,465,2019-04-11,0,5351.79,5386.82,4927.0,5058.34,61552.69004
466,466,2019-04-12,0,5058.34,5080.58,4861.22,5033.19,35348.64435
467,467,2019-04-13,0,5033.85,5099.0,5002.94,5062.71,18508.02904
468,468,2019-04-14,0,5063.0,5087.03,5000.0,5087.0,15025.74843
469,469,2019-04-15,0,5087.14,5167.38,4983.0,5041.0,27679.21344
470,470,2019-04-16,0,5040.75,5197.72,4950.0,5151.46,27066.73483
471,471,2019-04-17,0,5152.45,5230.4,5144.2,5205.32,24186.89266
472,472,2019-04-18,0,5205.32,5273.0,5182.05,5248.78,22090.23651
473,473,2019-04-19,0,5248.84,5320.0,5175.0,5265.07,25518.27371
474,474,2019-04-20,0,5265.07,5333.42,5220.9,5287.0,17571.79831
475,475,2019-04-21,0,5287.23,5314.35,5165.0,5200.0,26673.79836
476,476,2019-04-22,0,5199.99,5380.0,5191.71,5373.13,26242.00345
477,477,2019-04-23,0,5373.17,5600.0,5323.0,5575.91,40468.87807
478,478,2019-04-24,0,5575.53,5582.2,5333.35,5368.53,51170.69656
479,479,2019-04-25,0,5369.05,5481.53,5350.07,5475.98,29297.3297
480,480,2019-04-26,0,5475.98,5510.0,5102.0,5245.54,68629.16479
481,481,2019-04-27,0,5245.48,5340.0,5237.2,5310.66,17634.29474
482,482,2019-04-28,0,5307.98,5342.5,5280.0,5308.47,14163.85792
483,483,2019-04-29,0,5308.12,5332.0,5178.8,5242.9,20099.89026
484,484,2019-04-30,0,5241.92,5339.98,5185.0,5305.89,21775.85344
485,485,2019-05-01,0,5305.89,5402.0,5290.0,5367.58,18179.39269
486,486,2019-05-02,0,5368.17,5538.0,5342.75,5496.1,21537.32977
487,487,2019-05-03,0,5496.1,5844.0,5477.57,5763.0,46236.22326
488,488,2019-05-04,0,5762.98,5900.0,5587.45,5669.99,34248.71825
489,489,2019-05-05,0,5670.0,5874.34,5664.51,5779.0,29239.89856
490,490,2019-05-06,0,5778.38,5818.0,5619.14,5796.84,25050.2674
491,491,2019-05-07,0,5795.73,6028.41,5732.0,5936.2,37274.37036
492,492,2019-05-08,0,5936.14,5970.0,5772.2,5933.39,25367.28658
493,493,2019-05-09,0,5935.59,6150.0,5910.01,6134.89,26138.48226
494,494,2019-05-10,0,6134.03,6468.92,6118.92,6439.3,36141.25261
495,495,2019-05-11,0,6439.3,6979.99,6270.03,6919.81,61119.87444
496,496,2019-05-12,0,6918.02,7521.78,6750.0,7082.98,93567.54218
497,497,2019-05-13,0,7084.99,7883.95,6863.0,7803.73,73175.13052
498,498,2019-05-14,0,7805.02,8366.0,7568.0,7831.22,87715.98171
499,499,2019-05-15,0,7830.91,8240.0,7599.56,8215.77,39127.29801
500,500,2019-05-16,0,8215.76,8320.0,7725.0,7906.44,71758.97855
501,501,2019-05-17,-1,7906.83,7960.0,6913.0,7102.09,87115.62732
502,502,2019-05-18,0,7102.11,7458.0,7045.1,7266.84,44761.53606
503,503,2019-05-19,0,7266.56,8092.9,7230.0,7974.23,56603.28939
504,504,2019-05-20,0,7974.23,8275.09,7553.0,7718.52,64362.63685
505,505,2019-05-21,0,7722.11,8080.0,7713.68,7971.56,57680.5541
506,506,2019-05-22,0,7971.56,8042.32,7730.0,7907.71,41686.38353
507,507,2019-05-23,0,7906.9,7917.68,7461.0,7749.67,56892.67742
508,508,2019-05-24,0,7749.67,8130.0,7702.0,8022.39,48260.06696
509,509,2019-05-25,0,8020.01,8096.74,7892.0,7993.42,32117.53869
510,510,2019-05-26,0,7994.68,8052.6,7833.42,7990.2,26190.33965
511,511,2019-05-27,0,7990.2,8908.32,7990.2,8746.03,73410.45943
512,512,2019-05-28,0,8745.84,8823.52,8510.63,8728.78,33003.64622
513,513,2019-05-29,0,8727.67,8774.25,8406.6,8661.39,35023.37459
514,514,2019-05-30,0,8661.39,9074.26,8513.38,8652.27,49327.01199
515,515,2019-05-31,0,8652.28,8667.17,8005.0,8404.05,61818.07319
516,516,2019-06-01,0,8405.93,8626.0,8393.39,8494.49,34075.83474
517,517,2019-06-02,0,8495.39,8814.78,8468.0,8671.35,29919.21035
518,518,2019-06-03,0,8672.13,8800.95,8321.5,8563.0,37775.28581
519,519,2019-06-04,0,8561.49,8580.4,7606.48,7669.05,71629.26069
520,520,2019-06-05,0,7667.39,7888.0,7481.02,7759.93,53303.43563
521,521,2019-06-06,0,7762.0,7896.7,7444.58,7582.15,39169.9676
522,522,2019-06-07,0,7582.15,8100.0,7546.38,8055.33,36372.91912
523,523,2019-06-08,0,8055.33,8071.62,7751.0,7814.68,23837.26852
524,524,2019-06-09,0,7814.68,7943.72,7571.55,7660.98,27138.54868
525,525,2019-06-10,0,7660.74,8020.0,7506.66,7923.98,39396.53896
526,526,2019-06-11,0,7924.48,8010.0,7692.23,7862.01,30797.29576
527,527,2019-06-12,0,7863.45,8200.0,7788.99,8108.0,41372.91343
528,528,2019-06-13,0,8110.24,8275.78,8010.03,8257.56,27986.9857
529,529,2019-06-14,0,8257.56,8458.58,8144.32,8382.77,36278.8335
530,530,2019-06-15,0,8382.77,8864.99,8368.0,8787.44,37731.1466
531,531,2019-06-16,1,8787.44,9333.0,8725.17,9039.11,57788.94525
532,532,2019-06-17,0,9039.41,9379.38,8820.67,9259.99,44231.21229
533,533,2019-06-18,0,9259.89,9444.0,8950.0,9110.04,59094.44148
534,534,2019-06-19,0,9110.15,9206.28,8953.43,9109.0,31114.62498
535,535,2019-06-20,0,9108.04,9443.02,8960.0,9420.27,31306.1941
536,536,2019-06-21,0,9420.28,9930.0,9388.43,9897.13,49999.36178
537,537,2019-06-22,0,9897.05,11160.0,9810.98,10657.0,101756.1117
538,538,2019-06-23,0,10654.75,10963.25,10410.0,10906.32,45656.16545
539,539,2019-06-24,0,10905.4,11392.64,10620.8,11019.94,60176.04393
540,540,2019-06-25,0,11019.94,11503.71,10861.34,11441.42,55116.147
541,541,2019-06-26,0,11438.57,13961.45,11384.97,13905.39,116757.066
542,542,2019-06-27,-1,13905.4,13970.0,10680.04,11165.54,194531.4357
543,543,2019-06-28,0,11165.19,12203.0,10525.1,11993.84,110881.492
544,544,2019-06-29,0,11993.69,12480.0,11475.02,11998.84,76954.1674
545,545,2019-06-30,0,11997.64,12244.0,10933.0,11269.13,73865.95691
546,546,2019-07-01,0,11269.13,11534.05,10050.0,10307.19,95544.31228
547,547,2019-07-02,0,10305.08,10784.94,9727.0,10725.0,107401.437
548,548,2019-07-03,0,10724.65,11513.0,10592.64,11227.64,94850.91097
549,549,2019-07-04,0,11224.76,12000.0,11156.29,11786.98,71002.29281
550,550,2019-07-05,0,11784.82,11807.1,10796.44,11200.3,68251.85898
551,551,2019-07-06,0,11200.3,11665.0,10805.1,11442.27,52924.76715
552,552,2019-07-07,0,11442.69,11498.63,11050.0,11390.4,40442.53615
553,553,2019-07-08,0,11394.29,11923.68,11220.0,11840.7,43174.16882
554,554,2019-07-09,0,11841.28,12794.73,11837.51,12555.66,85998.92322
555,555,2019-07-10,0,12555.66,13147.08,12100.0,12207.45,92004.01252
556,556,2019-07-11,0,12208.22,12225.4,11200.0,11641.19,92799.33491
557,557,2019-07-12,0,11642.9,11749.0,11000.0,11561.09,68865.90405
558,558,2019-07-13,0,11558.3,11885.0,11071.01,11135.99,46081.27726
559,559,2019-07-14,0,11135.84,11452.0,10295.0,10477.58,76200.21291
560,560,2019-07-15,0,10476.51,10940.0,9860.0,10903.12,82144.48962
561,561,2019-07-16,0,10903.11,11100.0,9501.0,9594.3,87849.11805
562,562,2019-07-17,0,9597.84,9923.0,9060.0,9919.98,93454.3609
563,563,2019-07-18,0,9919.98,10725.0,9252.0,10491.69,83420.1025
564,564,2019-07-19,0,10491.7,10788.0,10121.84,10380.67,62464.9902
565,565,2019-07-20,0,10381.71,10995.0,10350.0,10900.67,42992.89447
566,566,2019-07-21,0,10902.0,11068.99,10288.0,10494.08,43057.18257
567,567,2019-07-22,0,10492.21,10683.16,10167.1,10292.93,37434.89667
568,568,2019-07-23,0,10294.47,10394.0,9870.58,10096.7,47031.45865
569,569,2019-07-24,0,10096.71,10227.98,9525.0,9642.82,45866.50083
570,570,2019-07-25,0,9642.8,10175.0,9566.29,9990.88,38351.54312
571,571,2019-07-26,0,9990.88,9990.89,9637.0,9804.76,29334.68282
572,572,2019-07-27,0,9804.16,10188.66,9333.0,9401.09,42743.90508
573,573,2019-07-28,0,9401.94,9594.99,9343.3,9567.49,19807.93579
574,574,2019-07-29,0,9565.96,9729.0,9165.0,9519.55,40363.90289
575,575,2019-07-30,0,9520.6,9714.28,9402.0,9624.64,30556.29979
576,576,2019-07-31,0,9624.17,10109.8,9502.21,9974.64,40644.89149
577,577,2019-08-01,0,9975.52,10192.63,9863.46,10170.36,32141.49344
578,578,2019-08-02,1,10170.36,10670.0,10168.55,10456.24,51485.23448
579,579,2019-08-03,0,10456.03,10875.89,10351.24,10845.98,34692.54774
580,580,2019-08-04,0,10846.22,10992.1,10552.0,10906.9,34336.66081
581,581,2019-08-05,0,10907.23,11937.52,10777.0,11809.51,67264.27645
582,582,2019-08-06,0,11809.74,12330.7,11570.0,11734.08,69484.48157
583,583,2019-08-07,0,11735.41,12141.17,11226.7,11750.14,69386.09659
584,584,2019-08-08,0,11751.0,12079.51,11521.0,11661.25,53153.77434
585,585,2019-08-09,0,11661.57,12060.0,11550.0,11853.15,45161.27339
586,586,2019-08-10,0,11851.99,11985.0,11272.1,11376.13,45883.64002
587,587,2019-08-11,0,11375.04,11482.86,11112.11,11397.01,24636.71355
588,588,2019-08-12,0,11397.01,11600.0,11235.32,11419.0,21006.66385
589,589,2019-08-13,-1,11416.79,11474.03,10788.45,10925.37,32496.41915
590,590,2019-08-14,0,10925.57,10981.69,10100.0,10174.16,48411.00622
591,591,2019-08-15,0,10174.14,10283.94,9911.0,10041.57,34122.58093
592,592,2019-08-16,0,10041.57,10536.03,9750.0,10409.05,58671.89609
593,593,2019-08-17,0,10409.48,10515.0,10000.0,10177.44,31535.16813
594,594,2019-08-18,0,10178.99,10500.0,10049.0,10379.1,23661.55751
595,595,2019-08-19,0,10380.57,10780.0,10258.6,10716.9,34455.49218
596,596,2019-08-20,0,10717.69,10949.96,10560.0,10753.84,34826.23345
597,597,2019-08-21,0,10754.84,10842.03,9858.0,10085.29,46462.8494
598,598,2019-08-22,0,10087.29,10242.0,9762.0,10191.52,36056.90804
599,599,2019-08-23,0,10191.48,10445.0,10019.79,10400.62,25660.0672
600,600,2019-08-24,0,10400.0,10444.32,9890.0,10063.56,28599.09845
601,601,2019-08-25,0,10060.5,10333.0,9966.0,10078.85,24748.36402
602,602,2019-08-26,0,10079.51,10604.0,9906.97,10305.55,41985.68156
603,603,2019-08-27,0,10305.4,10412.0,10051.08,10181.68,31521.04855
604,604,2019-08-28,0,10184.6,10299.0,9601.01,9720.69,37133.31404
605,605,2019-08-29,0,9718.53,9766.07,9320.0,9483.55,39640.07265
606,606,2019-08-30,0,9482.45,9630.0,9350.41,9509.75,25034.62179
607,607,2019-08-31,0,9509.75,9696.0,9450.35,9569.08,16917.16368
608,608,2019-09-01,0,9571.72,9684.51,9420.75,9599.98,16590.18096
609,609,2019-09-02,0,9599.98,10184.62,9577.17,10119.31,38351.12199
610,610,2019-09-03,0,10119.19,10773.0,10082.21,10624.02,54685.39678
611,611,2019-09-04,0,10624.59,10720.0,10369.89,10583.16,40758.64026
612,612,2019-09-05,0,10582.42,10799.0,10450.0,10533.45,38175.61728
613,613,2019-09-06,0,10535.01,10905.87,10293.34,10357.01,56280.31237
614,614,2019-09-07,0,10356.42,10558.0,10150.0,10456.47,34543.29079
615,615,2019-09-08,0,10456.47,10592.5,10208.0,10331.0,23300.77244
616,616,2019-09-09,0,10331.73,10480.0,10068.5,10253.8,37423.57061
617,617,2019-09-10,0,10253.26,10384.99,10161.51,10197.32,24097.96128
618,618,2019-09-11,0,10195.33,10293.0,9880.0,10069.47,38063.05886
619,619,2019-09-12,0,10067.39,10370.0,10040.0,10296.85,32006.60753
620,620,2019-09-13,0,10296.05,10448.81,10185.11,10222.21,31152.19357
621,621,2019-09-14,0,10222.81,10400.0,10153.0,10384.47,25488.39235
622,622,2019-09-15,0,10384.45,10419.99,10252.15,10289.45,20326.5989
623,623,2019-09-16,0,10289.52,10355.0,10078.0,10129.92,25238.89306
624,624,2019-09-17,0,10129.8,10330.0,10120.0,10226.93,24250.77142
625,625,2019-09-18,0,10226.93,10275.0,10100.0,10180.0,25560.4488
626,626,2019-09-19,0,10177.91,10210.0,9653.0,10029.25,37483.97904
627,627,2019-09-20,0,10029.91,10325.0,10015.26,10157.92,32758.49762
628,628,2019-09-21,0,10158.49,10188.17,9900.0,9992.55,20752.24272
629,629,2019-09-22,0,9992.14,10089.0,9853.97,9974.26,22103.07903
630,630,2019-09-23,0,9972.93,10075.77,9711.0,9827.12,24817.63216
631,631,2019-09-24,0,9825.92,9840.0,8600.02,8635.95,52769.89798
632,632,2019-09-25,-1,8635.94,8828.16,7800.0,8344.57,100895.2067
633,633,2019-09-26,0,8342.27,8629.96,7750.0,8121.7,70098.96668
634,634,2019-09-27,0,8120.7,8159.0,7852.15,8029.66,42191.11711
635,635,2019-09-28,0,8029.94,8265.0,7977.0,8136.76,36446.2205
636,636,2019-09-29,0,8136.84,8315.0,7890.0,7981.66,32742.68869
637,637,2019-09-30,0,7981.66,8337.26,7710.0,8258.96,57524.75427
638,638,2019-10-01,0,8259.74,8500.0,8163.36,8289.0,43939.14033
639,639,2019-10-02,0,8289.0,8399.0,8151.22,8233.13,26411.48261
640,640,2019-10-03,0,8233.23,8393.0,8060.0,8129.72,30173.56841
641,641,2019-10-04,0,8130.95,8280.0,8005.0,8183.78,28418.24299
642,642,2019-10-05,0,8184.84,8217.47,8012.98,8060.0,20570.12569
643,643,2019-10-06,0,8060.0,8183.41,7785.0,7835.41,33664.11069
644,644,2019-10-07,0,7835.04,8299.92,7762.0,8232.03,51962.84106
645,645,2019-10-08,0,8231.81,8325.0,8126.81,8184.53,35491.73822
646,646,2019-10-09,0,8184.56,8670.0,8088.75,8590.63,54505.59468
647,647,2019-10-10,0,8590.63,8644.0,8414.52,8519.47,40262.2523
648,648,2019-10-11,0,8519.98,8779.51,8261.54,8314.84,50832.2697
649,649,2019-10-12,0,8312.94,8400.0,8212.38,8306.28,23894.58072
650,650,2019-10-13,0,8303.33,8451.37,8276.33,8424.34,20847.12079
651,651,2019-10-14,0,8423.55,8437.31,8160.0,8354.42,33634.78742
652,652,2019-10-15,0,8354.84,8403.0,8090.0,8172.54,34199.83787
653,653,2019-10-16,1,8173.02,8182.77,7917.0,7966.25,34563.0214
654,654,2019-10-17,0,7966.35,8124.92,7929.03,8073.13,30301.44604
655,655,2019-10-18,0,8073.11,8115.0,7816.01,7931.56,31323.96275
656,656,2019-10-19,0,7931.58,8098.1,7866.92,7976.16,26138.95721
657,657,2019-10-20,0,7975.77,8174.88,7870.0,8132.34,29708.23424
658,658,2019-10-21,0,8133.39,8333.0,8132.06,8168.42,35052.67893
659,659,2019-10-22,0,8168.67,8297.99,8153.65,8190.38,29300.91967
660,660,2019-10-23,0,8189.91,8194.39,7300.0,7506.38,66014.93759
661,661,2019-10-24,0,7506.37,7523.73,7337.99,7442.0,35917.11257
662,662,2019-10-25,0,7442.57,8799.0,7361.0,8622.0,79814.85319
663,663,2019-10-26,0,8622.0,10370.0,8470.38,9072.01,162772.4147
664,664,2019-10-27,0,9071.04,9774.98,8898.05,9632.52,90599.4729
665,665,2019-10-28,0,9632.52,9902.1,9254.0,9347.62,84195.14483
666,666,2019-10-29,0,9347.63,9550.0,9160.0,9357.06,61880.83731
667,667,2019-10-30,0,9356.96,9482.0,9001.01,9163.01,64203.76509
668,668,2019-10-31,0,9163.25,9405.0,8913.0,9229.95,51756.57449
669,669,2019-11-01,0,9229.96,9279.0,9013.0,9181.11,46509.42707
670,670,2019-11-02,0,9183.51,9373.74,9158.27,9285.0,33159.05718
671,671,2019-11-03,0,9284.39,9362.57,9101.0,9157.82,25286.32447
672,672,2019-11-04,0,9158.84,9325.0,9066.14,9264.02,34331.0942
673,673,2019-11-05,0,9261.84,9513.68,9175.76,9331.39,56190.28568
674,674,2019-11-06,0,9330.96,9440.91,9250.01,9304.15,39077.21815
675,675,2019-11-07,0,9303.98,9375.0,9119.0,9214.27,37472.19883
676,676,2019-11-08,0,9214.01,9265.88,8696.0,8820.42,62304.79048
677,677,2019-11-09,0,8819.11,8904.5,8724.88,8766.71,32355.02215
678,678,2019-11-10,0,8766.71,9147.19,8750.0,9037.98,32448.05039
679,679,2019-11-11,0,9037.81,9099.92,8618.68,8769.64,46086.40663
680,680,2019-11-12,0,8769.64,8888.0,8567.6,8750.15,38997.78721
681,681,2019-11-13,0,8750.96,8844.99,8702.0,8756.69,27761.67289
682,682,2019-11-14,0,8757.01,8800.0,8582.6,8642.92,35060.89202
683,683,2019-11-15,0,8643.39,8790.0,8400.0,8497.32,45289.3918
684,684,2019-11-16,0,8496.81,8543.0,8400.0,8483.57,22857.11193
685,685,2019-11-17,0,8483.92,8591.83,8350.68,8539.05,22872.54721
686,686,2019-11-18,0,8539.24,8635.0,8060.0,8214.88,41811.85752
687,687,2019-11-19,0,8215.19,8248.0,8003.0,8097.46,46680.10525
688,688,2019-11-20,0,8096.92,8264.29,8038.4,8104.76,32312.32758
689,689,2019-11-21,0,8104.24,8134.73,7500.0,7587.14,56699.73557
690,690,2019-11-22,0,7588.04,7750.0,6790.0,7231.78,111885.0694
691,691,2019-11-23,0,7232.85,7378.25,7080.01,7307.71,64526.79858
692,692,2019-11-24,0,7307.71,7330.39,6912.0,7074.48,61705.02777
693,693,2019-11-25,0,7074.48,7377.69,6515.0,7258.99,122408.7969
694,694,2019-11-26,0,7258.55,7340.0,7017.48,7094.44,68022.8198
695,695,2019-11-27,0,7094.88,7654.33,6840.0,7492.86,87679.07724
696,696,2019-11-28,0,7495.07,7655.0,7414.02,7580.86,58463.92205
697,697,2019-11-29,0,7581.49,7850.0,7360.0,7740.0,65439.41768
698,698,2019-11-30,0,7740.01,7810.0,7441.0,7475.02,47022.89068
699,699,2019-12-01,0,7475.03,7561.95,7210.0,7309.08,58206.30125
700,700,2019-12-02,0,7309.83,7436.81,7151.1,7271.01,50043.31151
701,701,2019-12-03,0,7271.01,7400.0,7241.35,7341.27,34121.71859
702,702,2019-12-04,0,7341.3,7750.0,7067.0,7471.21,69989.7872
703,703,2019-12-05,0,7471.2,7491.52,7100.0,7356.14,68820.62155
704,704,2019-12-06,0,7354.96,7590.03,7305.0,7440.41,48879.52963
705,705,2019-12-07,0,7440.01,7619.62,7410.67,7489.97,35251.75951
706,706,2019-12-08,0,7489.63,7564.0,7374.86,7518.05,29651.98301
707,707,2019-12-09,0,7517.52,7650.0,7390.0,7444.57,39364.82248
708,708,2019-12-10,0,7443.74,7446.91,7157.1,7226.35,55473.90454
709,709,2019-12-11,0,7225.26,7275.5,7125.66,7188.56,32059.71247
710,710,2019-12-12,0,7188.12,7295.0,7080.3,7216.85,40148.87849
711,711,2019-12-13,0,7216.87,7309.05,7186.12,7239.97,29764.4576
712,712,2019-12-14,0,7239.97,7271.77,7012.0,7096.46,29243.90242
713,713,2019-12-15,0,7096.53,7200.3,7008.35,7123.81,26798.48139
714,714,2019-12-16,0,7124.26,7150.0,6850.0,6924.0,36511.53624
715,715,2019-12-17,0,6923.9,6942.21,6640.77,6711.15,48788.58528
716,716,2019-12-18,0,6711.15,6929.2,6435.0,6860.9,77452.64052
717,717,2019-12-19,0,6860.9,7440.0,6852.28,7157.52,83861.477
718,718,2019-12-20,0,7157.53,7220.0,7079.5,7192.0,32056.35551
719,719,2019-12-21,0,7192.0,7214.26,7105.0,7149.89,21312.81827
720,720,2019-12-22,0,7148.83,7430.0,7122.0,7392.93,29912.70803
721,721,2019-12-23,0,7393.0,7695.38,7355.0,7391.93,69975.87554
722,722,2019-12-24,0,7392.0,7437.11,7157.04,7202.96,48518.26335
723,723,2019-12-25,0,7203.45,7280.0,7128.86,7173.41,27319.52881
724,724,2019-12-26,0,7174.51,7400.0,7166.01,7363.37,30134.99331
725,725,2019-12-27,0,7362.86,7435.0,7076.42,7220.4,42404.49471
726,726,2019-12-28,0,7220.83,7365.01,7191.01,7341.7,27060.06699
727,727,2019-12-29,0,7341.7,7430.0,7288.0,7425.31,24019.56396
728,728,2019-12-30,1,7425.57,7528.45,7220.0,7245.12,36525.74891
729,729,2019-12-31,0,7245.39,7320.0,7145.01,7168.86,27006.4422
730,730,2020-01-01,0,7169.32,7255.0,7156.85,7240.67,16972.4185
731,731,2020-01-02,0,7240.8,7242.98,6924.74,6974.02,30115.77412
732,732,2020-01-03,0,6974.02,7405.0,6871.04,7342.96,64786.17891
733,733,2020-01-04,0,7342.95,7404.0,7260.01,7306.92,32867.80159
734,734,2020-01-05,0,7306.6,7495.0,7283.01,7438.72,36101.26028
735,735,2020-01-06,0,7439.02,7622.0,7318.0,7533.0,46582.86509
736,736,2020-01-07,0,7532.5,8137.0,7524.0,8037.69,85851.43794
737,737,2020-01-08,0,8038.54,8455.0,7945.72,8053.7,112941.4761
738,738,2020-01-09,0,8053.7,8125.57,7778.0,7810.64,66780.93989
739,739,2020-01-10,0,7810.68,8140.11,7672.0,8022.16,85402.65649
740,740,2020-01-11,0,8022.15,8253.26,7964.01,8169.14,56219.09792
741,741,2020-01-12,0,8169.64,8286.34,7960.0,8119.31,46024.43261
742,742,2020-01-13,0,8119.91,8196.0,8055.89,8107.93,30957.28833
743,743,2020-01-14,0,8107.92,8850.0,8101.0,8769.35,112823.3029
744,744,2020-01-15,0,8769.07,8916.48,8564.0,8746.85,84358.90938
745,745,2020-01-16,0,8746.85,8876.4,8586.0,8684.19,58389.30954
746,746,2020-01-17,0,8684.0,9041.65,8672.0,8920.12,68697.50097
747,747,2020-01-18,0,8920.5,8988.88,8806.38,8886.79,42834.52793
748,748,2020-01-19,0,8886.79,9198.98,8524.2,8650.82,62484.67269
749,749,2020-01-20,0,8650.78,8758.84,8466.0,8664.84,45482.50824
750,750,2020-01-21,0,8664.86,8746.99,8602.8,8634.05,27591.54884
751,751,2020-01-22,0,8634.05,8818.0,8488.0,8669.56,41844.02922
752,752,2020-01-23,0,8669.19,8691.81,8306.39,8339.46,44447.07094
753,753,2020-01-24,0,8340.87,8528.02,8238.0,8485.75,42421.67208
754,754,2020-01-25,0,8485.54,8524.0,8254.9,8341.03,26659.40684
755,755,2020-01-26,0,8340.9,8618.0,8293.66,8580.03,30029.82408
756,756,2020-01-27,0,8578.69,8888.0,8535.0,8883.05,45380.5779
757,757,2020-01-28,0,8884.51,9188.0,8860.54,8998.63,74414.56126
758,758,2020-01-29,0,8998.69,9434.94,8976.46,9372.32,58537.13421
759,759,2020-01-30,0,9372.31,9530.0,9204.44,9499.28,59658.91578
760,760,2020-01-31,0,9499.31,9578.0,9210.01,9318.67,50812.9927
761,761,2020-02-01,0,9318.96,9464.53,9281.0,9390.3,30127.02084
762,762,2020-02-02,0,9390.55,9477.03,9120.0,9442.75,42247.778
763,763,2020-02-03,0,9442.01,9618.79,9234.0,9308.37,53769.44017
764,764,2020-02-04,0,9308.32,9350.0,9093.01,9195.57,51991.46897
765,765,2020-02-05,0,9195.54,9744.45,9151.0,9657.11,58839.06455
766,766,2020-02-06,0,9657.11,9862.57,9526.35,9769.18,66022.47438
767,767,2020-02-07,0,9769.18,9885.0,9660.0,9799.35,48099.41168
768,768,2020-02-08,0,9799.38,9888.0,9667.11,9841.76,43248.3616
769,769,2020-02-09,0,9841.97,10166.0,9840.0,10078.3,45244.6198
770,770,2020-02-10,0,10078.36,10188.0,9756.0,9842.26,59260.63292
771,771,2020-02-11,0,9842.25,10323.59,9700.0,10206.22,60580.60258
772,772,2020-02-12,0,10206.26,10450.0,10160.15,10345.78,58377.19985
773,773,2020-02-13,0,10345.78,10500.0,10080.0,10206.44,82953.67277
774,774,2020-02-14,0,10206.46,10360.2,10111.37,10356.89,46585.12554
775,775,2020-02-15,0,10356.95,10381.56,9801.0,9914.13,58106.90817
776,776,2020-02-16,0,9914.14,10050.0,9638.12,9796.01,53800.06885
777,777,2020-02-17,0,9796.01,9996.58,9452.67,9645.06,75798.69713
778,778,2020-02-18,0,9645.01,10048.0,9576.01,9985.73,59923.76413
779,779,2020-02-19,0,9987.16,10250.0,9973.0,10194.77,44386.52446
780,780,2020-02-20,-1,10194.39,10207.69,9350.0,9530.63,82757.75957
781,781,2020-02-21,0,9531.29,9755.51,9516.61,9701.11,39957.92307
782,782,2020-02-22,0,9701.2,9720.0,9550.21,9655.64,29531.54887
783,783,2020-02-23,0,9655.71,9990.0,9644.47,9874.96,35087.18332
784,784,2020-02-24,0,9874.92,9990.0,9473.56,9588.3,53200.03326
785,785,2020-02-25,0,9588.27,9675.0,9281.0,9375.4,53707.99427
786,786,2020-02-26,0,9374.94,9426.02,8633.63,8842.49,90934.63527
787,787,2020-02-27,0,8842.27,8971.77,8531.0,8888.43,70323.38607
788,788,2020-02-28,0,8888.43,8919.0,8445.0,8539.71,72985.39946
789,789,2020-02-29,0,8539.72,8799.0,8520.0,8663.73,41866.18355
790,790,2020-03-01,0,8664.29,8750.0,8454.57,8457.63,40249.75426
791,791,2020-03-02,-1,8458.03,8917.99,8411.0,8859.99,60843.91497
792,792,2020-03-03,0,8859.99,8965.75,8651.0,8717.89,56712.43401
793,793,2020-03-04,0,8717.89,8848.29,8660.0,8718.28,40746.58463
794,794,2020-03-05,0,8719.14,9136.63,8688.03,9110.6,54383.00604
795,795,2020-03-06,0,9110.6,9170.0,8985.5,9064.72,47097.22093
796,796,2020-03-07,0,9064.98,9188.0,8835.0,8876.63,45606.40051
797,797,2020-03-08,1,8877.18,8919.0,8149.27,8294.92,67446.29839
798,798,2020-03-09,0,8294.87,8301.28,7632.01,7753.54,121691.0843
799,799,2020-03-10,-1,7753.66,8149.0,7728.01,7865.51,83321.81751
800,800,2020-03-11,0,7865.65,8038.11,7590.0,7792.61,80465.04934
801,801,2020-03-12,1,7791.86,7980.0,5550.0,5985.61,198553.1863
802,802,2020-03-13,-1,5985.62,6095.08,3782.13,4985.34,421935.7752
803,803,2020-03-14,0,4981.96,5699.0,4863.23,5443.8,168138.9739
804,804,2020-03-15,0,5443.63,5594.0,5055.13,5307.63,103888.2884
805,805,2020-03-16,1,5307.62,5940.0,4442.12,5119.03,259440.4121
806,806,2020-03-17,0,5119.12,5479.0,4820.0,5367.79,157684.6954
807,807,2020-03-18,0,5368.85,5525.0,5009.37,5316.82,138489.5647
808,808,2020-03-19,0,5316.11,6359.45,5252.53,6137.0,189948.4591
809,809,2020-03-20,0,6136.61,6900.0,6055.55,6193.66,192491.7175
810,810,2020-03-21,0,6192.59,6380.0,5670.0,6210.51,157541.6038
811,811,2020-03-22,0,6211.44,6456.98,5863.0,5990.12,112243.6484
812,812,2020-03-23,0,5990.59,6600.0,5688.0,6258.41,173229.7624
813,813,2020-03-24,0,6259.95,6833.0,6237.08,6653.17,157665.0705
814,814,2020-03-25,0,6654.36,6957.96,6450.0,6649.89,137299.9373
815,815,2020-03-26,0,6649.89,6780.0,6510.0,6648.78,81070.52949
816,816,2020-03-27,0,6648.77,6842.59,6573.41,6646.96,80651.43708
817,817,2020-03-28,0,6646.95,6700.0,6024.0,6163.97,100170.932
818,818,2020-03-29,0,6162.96,6295.0,6060.0,6063.79,51623.87885
819,819,2020-03-30,0,6064.23,6444.0,5857.76,6363.01,114694.4919
820,820,2020-03-31,0,6362.72,6599.0,6321.4,6462.37,89581.70143
821,821,2020-04-01,0,6462.87,6494.9,6150.11,6186.86,71085.91426
822,822,2020-04-02,0,6187.99,7198.0,6164.28,6788.63,158583.939
823,823,2020-04-03,0,6788.69,7048.0,6602.1,6747.51,119675.3989
824,824,2020-04-04,0,6747.51,6900.0,6650.01,6771.31,63028.5981
825,825,2020-04-05,0,6771.71,6990.41,6677.52,6793.14,62668.21789
826,826,2020-04-06,0,6794.02,7253.05,6721.58,7240.94,103159.9751
827,827,2020-04-07,0,7240.95,7459.69,7183.66,7303.61,103874.2837
828,828,2020-04-08,0,7303.55,7420.0,7077.0,7319.46,86758.67881
829,829,2020-04-09,0,7319.23,7390.0,7108.08,7257.6,67475.68324
830,830,2020-04-10,0,7257.87,7315.0,6739.98,6912.52,99470.71142
831,831,2020-04-11,0,6913.49,6948.0,6771.44,6811.1,47167.52736
832,832,2020-04-12,0,6811.09,7177.0,6760.0,7097.23,63954.13765
833,833,2020-04-13,0,7097.37,7159.86,6575.0,6749.96,102125.628
834,834,2020-04-14,0,6749.56,6978.0,6749.47,6909.29,73598.23703
835,835,2020-04-15,0,6909.49,6933.0,6680.1,6748.23,60379.17579
836,836,2020-04-16,0,6748.49,7147.28,6468.27,7009.23,114939.6647
837,837,2020-04-17,0,7009.96,7190.0,6970.03,7033.59,65149.84167
838,838,2020-04-18,0,7033.94,7268.9,7014.4,7191.77,50451.86187
839,839,2020-04-19,0,7191.77,7293.08,7055.6,7147.12,46593.68742
840,840,2020-04-20,0,7147.13,7220.0,6825.0,6865.85,77215.75642
841,841,2020-04-21,0,6865.92,6940.0,6751.0,6877.36,74002.5916
842,842,2020-04-22,0,6877.4,7156.38,6818.0,7096.34,60902.94103
843,843,2020-04-23,0,7096.3,7738.0,7020.0,7539.79,96481.81041
844,844,2020-04-24,0,7539.0,7616.16,7388.0,7515.97,67918.70958
845,845,2020-04-25,0,7516.38,7705.0,7431.07,7529.64,45272.9897
846,846,2020-04-26,0,7529.67,7700.0,7480.0,7624.51,46282.57276
847,847,2020-04-27,0,7624.02,7792.02,7577.27,7709.12,65523.72438
848,848,2020-04-28,0,7709.11,7780.0,7659.12,7733.96,48405.85756
849,849,2020-04-29,0,7733.99,8952.89,7703.91,8624.97,161227.9135
850,850,2020-04-30,0,8624.1,9460.0,8401.0,8669.94,211782.9481
851,851,2020-05-01,0,8668.85,9059.18,8573.98,8733.45,102700.999
852,852,2020-05-02,0,8733.45,9010.0,8663.28,8866.72,62413.65126
853,853,2020-05-03,0,8867.08,9200.0,8712.0,8848.55,87477.09671
854,854,2020-05-04,0,8848.35,8955.0,8522.0,8845.4,83323.68357
855,855,2020-05-05,0,8845.39,9118.58,8760.0,8888.91,77384.5052
856,856,2020-05-06,0,8888.01,9380.0,8873.22,9234.58,98743.21924
857,857,2020-05-07,0,9234.58,9887.0,9021.0,9793.47,130172.8537
858,858,2020-05-08,0,9793.62,10067.0,9705.0,9888.94,119193.4284
859,859,2020-05-09,0,9888.94,10000.52,9520.0,9738.78,84200.81843
860,860,2020-05-10,0,9738.78,9773.09,8117.0,8487.43,175322.3554
861,861,2020-05-11,0,8487.43,9168.0,8200.0,8605.35,162487.9267
862,862,2020-05-12,0,8604.2,8978.26,8420.07,8897.89,102841.3143
863,863,2020-05-13,0,8897.89,9188.0,8730.06,9077.16,80335.71019
864,864,2020-05-14,0,9077.6,9939.0,9069.29,9677.21,132926.8612
865,865,2020-05-15,0,9677.97,9874.3,9256.12,9490.18,108098.7182
866,866,2020-05-16,0,9490.35,9588.0,9150.0,9286.87,82415.40039
867,867,2020-05-17,0,9286.96,9888.0,9268.0,9749.98,64270.32637
868,868,2020-05-18,0,9749.98,9950.0,9464.23,9657.86,84724.61417
869,869,2020-05-19,0,9657.86,9897.21,9474.0,9698.03,78826.32959
870,870,2020-05-20,0,9697.9,9842.0,9326.0,9531.82,73871.06095
871,871,2020-05-21,0,9531.83,9598.0,8815.0,8831.26,99820.17345
872,872,2020-05-22,0,8832.09,9271.0,8816.91,9200.25,70925.27946
873,873,2020-05-23,0,9200.25,9307.85,9070.0,9163.98,43823.90783
874,874,2020-05-24,0,9163.98,9298.0,8853.21,8941.99,58944.32652
875,875,2020-05-25,0,8941.04,9080.99,8642.72,8886.17,71950.73825
876,876,2020-05-26,0,8885.71,9017.67,8700.0,8810.99,59141.2016
877,877,2020-05-27,0,8810.99,9225.0,8760.2,9169.48,67087.89619
878,878,2020-05-28,0,9169.39,9537.8,9052.32,9425.97,68919.84345
879,879,2020-05-29,0,9426.0,9625.47,9330.0,9434.46,67304.78089
880,880,2020-05-30,0,9434.45,9600.0,9331.23,9530.0,44176.62133
881,881,2020-05-31,0,9530.01,9740.0,9400.0,9501.05,55919.49348
882,882,2020-06-01,0,9500.52,9619.0,9381.41,9579.7,43790.99217
883,883,2020-06-02,0,9579.97,10380.0,9266.0,9513.04,141253.9672
884,884,2020-06-03,0,9513.04,9646.43,9365.21,9596.31,48249.62887
885,885,2020-06-04,0,9597.12,9881.63,9450.0,9762.71,57353.90293
886,886,2020-06-05,0,9764.72,9860.0,9581.0,9739.77,49412.21113
887,887,2020-06-06,0,9740.79,9749.71,9531.05,9628.86,33454.38589
888,888,2020-06-07,0,9628.86,9729.74,9372.46,9531.0,43087.35761
889,889,2020-06-08,0,9531.0,9802.0,9515.85,9702.67,54484.72351
890,890,2020-06-09,0,9702.66,9877.0,9570.0,9703.09,42623.16527
891,891,2020-06-10,0,9703.77,9992.72,9681.94,9823.58,45837.94311
892,892,2020-06-11,0,9823.63,9964.0,9113.0,9315.16,93004.47861
893,893,2020-06-12,0,9315.26,9557.12,9230.0,9397.99,57142.4587
894,894,2020-06-13,0,9397.98,9488.15,9350.0,9443.5,27153.37041
895,895,2020-06-14,0,9443.5,9494.73,9311.02,9382.92,27653.98083
896,896,2020-06-15,0,9382.92,9449.9,8910.45,9418.47,82713.66754
897,897,2020-06-16,0,9417.62,9589.0,9373.09,9495.42,58976.30859
898,898,2020-06-17,0,9495.43,9565.0,9358.0,9401.93,41425.94529
899,899,2020-06-18,0,9402.35,9489.0,9236.61,9396.75,38982.957
900,900,2020-06-19,0,9396.75,9438.3,9215.79,9325.0,48931.18986
901,901,2020-06-20,0,9325.0,9380.0,9170.95,9312.51,31301.83443
902,902,2020-06-21,0,9312.54,9422.0,9285.28,9315.22,25197.1231
903,903,2020-06-22,0,9315.21,9629.34,9277.09,9581.62,47894.62802
904,904,2020-06-23,0,9582.14,9780.0,9541.05,9652.8,50050.00322
905,905,2020-06-24,0,9652.8,9670.0,9208.0,9309.34,59522.14141
906,906,2020-06-25,0,9309.04,9343.02,9009.69,9251.98,55816.73256
907,907,2020-06-26,0,9251.98,9340.0,9045.45,9141.2,51962.9732
908,908,2020-06-27,0,9141.11,9218.0,9055.0,9087.77,32193.96356
909,909,2020-06-28,0,9087.76,9191.0,8833.0,9153.5,44954.82763
910,910,2020-06-29,0,9153.63,9180.0,9024.67,9142.17,39427.87691
911,911,2020-06-30,0,9142.83,9238.0,9064.89,9131.11,35686.04243
912,912,2020-07-01,0,9131.11,9292.0,9080.1,9255.35,37689.15988
913,913,2020-07-02,0,9255.31,9270.0,8940.0,9066.11,43942.57337
914,914,2020-07-03,0,9066.12,9150.0,9030.0,9079.26,31320.15267
915,915,2020-07-04,0,9079.25,9190.0,9037.47,9139.82,27014.21677
916,916,2020-07-05,0,9139.35,9146.86,8980.0,9041.7,29202.80315
917,917,2020-07-06,0,9041.64,9349.0,8893.03,9294.34,54949.36429
918,918,2020-07-07,0,9294.33,9379.42,9220.04,9270.0,36590.08573
919,919,2020-07-08,0,9270.0,9470.0,9203.0,9413.87,52454.53489
920,920,2020-07-09,0,9413.88,9468.0,9160.0,9224.99,52511.25217
921,921,2020-07-10,0,9225.0,9253.9,9125.0,9219.5,37973.73658
922,922,2020-07-11,0,9219.86,9317.48,9178.25,9225.64,25424.76395
923,923,2020-07-12,0,9225.59,9345.0,9182.0,9218.54,26390.19612
924,924,2020-07-13,0,9218.54,9343.82,9157.5,9290.23,40502.55889
925,925,2020-07-14,0,9290.23,9290.23,9113.0,9249.4,50311.47232
926,926,2020-07-15,0,9249.4,9279.54,9160.57,9186.71,37238.55286
927,927,2020-07-16,0,9186.71,9237.27,9047.25,9125.19,45307.77514
928,928,2020-07-17,0,9125.19,9186.83,9089.81,9161.74,29985.46723
929,929,2020-07-18,0,9161.73,9219.3,9121.1,9183.0,22065.17519
930,930,2020-07-19,0,9183.0,9200.0,9101.35,9156.54,21705.00111
931,931,2020-07-20,0,9156.54,9232.27,9131.0,9180.48,36074.70717
932,932,2020-07-21,0,9180.52,9437.73,9141.19,9387.14,61766.29337
933,933,2020-07-22,0,9387.13,9392.82,9261.0,9366.1,39186.82767
934,934,2020-07-23,0,9366.09,9664.0,9357.4,9582.2,62106.75439
935,935,2020-07-24,1,9582.2,9610.0,9463.44,9580.01,40549.76663
936,936,2020-07-25,0,9580.0,9708.81,9513.0,9665.02,40867.03393
937,937,2020-07-26,0,9665.01,10111.0,9648.68,9917.0,66926.76544
938,938,2020-07-27,0,9917.0,10950.0,9840.9,10841.22,122731.4456
939,939,2020-07-28,0,10841.22,11394.86,10565.0,10915.36,122596.2761
940,940,2020-07-29,0,10915.36,11296.74,10812.0,11206.34,71200.14673
941,941,2020-07-30,0,11206.35,11342.82,10831.0,11089.7,64570.88427
942,942,2020-07-31,0,11089.7,11444.0,10960.0,11239.78,68789.9711
943,943,2020-08-01,0,11239.79,11745.0,11220.0,11665.22,80160.79172
944,944,2020-08-02,0,11665.22,12123.46,10518.5,11229.05,105307.9087
945,945,2020-08-03,0,11228.95,11473.0,10936.0,11416.12,54988.05822
946,946,2020-08-04,0,11416.04,11416.11,11000.0,11219.67,61285.64389
947,947,2020-08-05,0,11219.68,11715.0,11093.0,11657.73,69745.00309
948,948,2020-08-06,0,11657.73,11878.26,11505.0,11845.93,65193.75818
949,949,2020-08-07,0,11845.93,11909.94,11322.0,11479.73,68306.84824
950,950,2020-08-08,0,11479.73,11808.27,11457.87,11685.31,43130.79764
951,951,2020-08-09,0,11685.3,11797.11,11521.97,11634.34,42841.03
952,952,2020-08-10,0,11634.34,12067.35,11450.0,11873.58,82447.24974
953,953,2020-08-11,0,11873.59,11935.0,11285.0,11449.23,79686.03804
954,954,2020-08-12,0,11449.23,11617.52,11125.0,11511.99,76880.10016
955,955,2020-08-13,0,11511.99,11656.99,11270.36,11488.53,61358.6659
956,956,2020-08-14,0,11489.21,11850.0,11483.58,11823.24,68965.09211
957,957,2020-08-15,0,11823.24,11980.0,11680.0,11879.26,52534.9392
958,958,2020-08-16,0,11879.27,11977.0,11686.0,11832.0,46497.00124
959,959,2020-08-17,0,11832.0,12468.0,11769.78,12306.64,78619.62805
960,960,2020-08-18,0,12306.64,12406.86,11817.93,11978.18,78324.33782
961,961,2020-08-19,0,11978.19,12087.0,11612.71,11738.48,71962.28402
962,962,2020-08-20,0,11738.12,11888.0,11561.0,11859.68,51105.56113
963,963,2020-08-21,0,11859.69,11880.0,11605.42,11671.21,57717.25723
964,964,2020-08-22,0,11671.2,11719.24,11376.81,11602.53,51317.05318
965,965,2020-08-23,0,11602.53,11688.81,11514.13,11663.79,37452.50195
966,966,2020-08-24,0,11663.79,11824.9,11585.09,11734.76,46691.02804
967,967,2020-08-25,-1,11734.77,11790.0,11117.64,11296.28,65775.46049
968,968,2020-08-26,0,11296.28,11539.32,11221.03,11445.21,57268.84354
969,969,2020-08-27,0,11445.21,11592.2,11125.0,11256.9,63250.63351
970,970,2020-08-28,0,11256.91,11542.65,11223.94,11481.65,47487.56881
971,971,2020-08-29,0,11481.65,11580.02,11417.04,11526.66,33429.93986
972,972,2020-08-30,0,11526.66,11685.0,11458.0,11651.04,40246.46121
973,973,2020-08-31,0,11651.04,11800.77,11570.0,11716.05,54326.76515
974,974,2020-09-01,0,11716.05,12050.85,11515.0,11983.57,74490.89191
975,975,2020-09-02,0,11983.56,12050.0,11160.1,11389.0,90788.22969
976,976,2020-09-03,0,11389.0,11462.6,10460.0,10650.11,104901.5983
977,977,2020-09-04,0,10650.1,10794.62,9875.5,10516.65,107575.9878
978,978,2020-09-05,0,10516.64,10627.05,9825.0,10156.73,81251.13628
979,979,2020-09-06,0,10156.72,10300.0,9875.0,10236.74,66524.08712
980,980,2020-09-07,0,10236.75,10347.14,9875.0,10172.36,61782.84637
981,981,2020-09-08,0,10172.36,10438.0,9920.32,9980.87,68384.34322
982,982,2020-09-09,0,9982.45,10336.7,9850.0,10326.38,56860.93114
983,983,2020-09-10,0,10326.39,10483.35,10070.83,10282.61,58696.57784
984,984,2020-09-11,0,10282.61,10380.34,10200.0,10313.15,44974.70996
985,985,2020-09-12,0,10313.15,10477.97,10269.25,10451.99,35758.02387
986,986,2020-09-13,0,10452.0,10580.11,10200.0,10257.34,44877.42939
987,987,2020-09-14,0,10257.13,10750.0,10212.34,10674.98,64347.52429
988,988,2020-09-15,0,10674.98,10930.04,10606.48,10784.22,60349.81504
989,989,2020-09-16,0,10784.22,11093.0,10661.22,11010.29,66015.48556
990,990,2020-09-17,0,11010.29,11047.84,10745.83,10905.26,56302.14258
991,991,2020-09-18,0,10905.25,11038.03,10812.84,10861.63,48302.22363
992,992,2020-09-19,0,10861.63,11179.79,10842.3,11048.11,40391.09824
993,993,2020-09-20,0,11048.12,11087.99,10723.0,10891.25,36907.29745
994,994,2020-09-21,0,10891.25,10988.86,10296.35,10444.05,68503.75125
995,995,2020-09-22,0,10444.02,10533.46,10353.0,10489.25,46314.75853
996,996,2020-09-23,0,10489.25,10572.71,10380.47,10409.14,40459.04754
997,997,2020-09-24,0,10409.14,10743.59,10136.82,10612.61,65827.68192
998,998,2020-09-25,0,10612.62,10795.24,10556.24,10705.38,51852.67049
999,999,2020-09-26,0,10705.38,10820.94,10644.68,10729.9,30907.4563
1000,1000,2020-09-27,0,10729.9,10799.0,10594.82,10714.2,30496.75172
1001,1001,2020-09-28,0,10714.2,10950.0,10700.73,10871.96,45463.71636
1002,1002,2020-09-29,0,10871.96,10888.59,10626.0,10727.75,43265.65348
1003,1003,2020-09-30,0,10728.23,10867.54,10665.13,10731.1,40774.0006
1004,1004,2020-10-01,0,10731.08,10920.0,10437.0,10586.5,58779.48863
1005,1005,2020-10-02,0,10586.5,10664.64,10374.0,10553.11,52484.34938
1006,1006,2020-10-03,0,10553.1,10603.56,10463.02,10574.06,23943.41852
1007,1007,2020-10-04,0,10574.11,10649.0,10517.87,10630.0,21883.0983
1008,1008,2020-10-05,0,10630.0,10777.37,10615.64,10716.35,34014.73057
1009,1009,2020-10-06,0,10716.35,10800.0,10578.99,10602.77,43270.42107
1010,1010,2020-10-07,0,10602.78,10667.43,10525.0,10664.11,39743.82705
1011,1011,2020-10-08,0,10663.97,10945.0,10530.41,10871.13,49888.71336
1012,1012,2020-10-09,1,10871.13,11104.64,10829.0,11047.02,48398.01484
1013,1013,2020-10-10,0,11047.02,11491.0,11012.19,11363.33,44448.55021
1014,1014,2020-10-11,0,11363.33,11445.0,11262.25,11408.86,27510.14675
1015,1015,2020-10-12,0,11408.87,11590.0,11172.0,11548.69,48609.61514
1016,1016,2020-10-13,0,11548.6,11720.01,11300.0,11378.13,47899.55028
1017,1017,2020-10-14,0,11378.14,11547.98,11280.0,11333.77,40903.80566
1018,1018,2020-10-15,0,11333.77,11486.28,11250.83,11467.21,42819.24199
1019,1019,2020-10-16,0,11467.14,11617.34,11200.0,11363.28,55302.22012
1020,1020,2020-10-17,0,11363.28,11402.42,11255.0,11346.87,24535.82164
1021,1021,2020-10-18,0,11346.88,11482.24,11325.0,11440.0,22178.76569
1022,1022,2020-10-19,0,11440.01,11823.99,11407.96,11669.56,44726.79576
1023,1023,2020-10-20,0,11669.82,12038.38,11660.47,11964.59,59682.18796
1024,1024,2020-10-21,0,11964.58,12899.99,11855.0,12761.61,93995.28861
1025,1025,2020-10-22,0,12761.61,13217.68,12617.48,13042.48,83843.81478
1026,1026,2020-10-23,0,13042.49,13185.0,12720.08,12852.97,58978.96091
1027,1027,2020-10-24,0,12852.97,13166.73,12839.12,13103.66,38496.68762
1028,1028,2020-10-25,0,13103.81,13350.0,12888.0,12985.58,39006.9738
1029,1029,2020-10-26,0,12985.59,13238.81,12765.0,12963.25,57881.17869
1030,1030,2020-10-27,0,12963.24,13745.0,12920.7,13633.93,74245.97652
1031,1031,2020-10-28,0,13633.93,13859.48,12888.0,13209.86,98400.20222
1032,1032,2020-10-29,0,13209.87,13642.91,12920.77,13557.67,73768.26503
1033,1033,2020-10-30,0,13557.67,13669.98,13115.0,13524.51,72181.34254
1034,1034,2020-10-31,0,13524.51,14100.0,13411.5,13717.1,69876.89009
1035,1035,2020-11-01,0,13717.11,13895.0,13603.0,13791.89,35957.6191
1036,1036,2020-11-02,0,13791.88,13864.0,13195.05,13458.26,63483.70732
1037,1037,2020-11-03,0,13458.27,13798.0,13284.99,13741.22,66221.10214
1038,1038,2020-11-04,0,13741.22,14259.0,13525.0,14086.71,95213.15648
1039,1039,2020-11-05,0,14086.72,15300.0,13931.64,14938.94,129460.9129
1040,1040,2020-11-06,0,14938.47,15960.0,14900.0,15459.86,134075.5591
1041,1041,2020-11-07,0,15459.85,15753.52,14707.0,14927.95,82468.46217
1042,1042,2020-11-08,0,14927.96,15650.0,14344.22,15528.01,88884.49647
1043,1043,2020-11-09,0,15528.0,15840.0,14805.54,15317.51,106347.9564
1044,1044,2020-11-10,0,15317.5,15492.67,15072.46,15266.23,68193.54667
1045,1045,2020-11-11,0,15266.23,15965.0,15257.53,15811.66,73148.40296
1046,1046,2020-11-12,0,15811.65,16199.0,15440.64,16097.49,99445.33794
1047,1047,2020-11-13,0,16097.5,16480.0,15952.35,16246.7,83748.19522
1048,1048,2020-11-14,0,16246.69,16355.0,15670.0,15898.27,60373.08498
1049,1049,2020-11-15,0,15898.5,16180.0,15845.67,15904.74,43193.06406
1050,1050,2020-11-16,0,15904.74,16765.0,15774.72,16690.85,72165.63658
1051,1051,2020-11-17,0,16690.86,17858.82,16538.0,17638.37,113874.923
1052,1052,2020-11-18,0,17638.14,18476.93,17214.45,17775.92,150310.1785
1053,1053,2020-11-19,0,17775.91,18179.8,17335.65,17934.02,95971.31349
1054,1054,2020-11-20,0,17934.01,18815.22,17681.36,18582.33,91702.73678
1055,1055,2020-11-21,0,18582.32,18965.9,18308.58,18735.47,75228.41505
1056,1056,2020-11-22,0,18735.47,18770.0,17610.86,18504.89,80705.92094
1057,1057,2020-11-23,0,18504.89,18766.0,18000.0,18346.23,83385.23652
1058,1058,2020-11-24,0,18346.23,19418.97,18018.0,19254.42,109914.3982
1059,1059,2020-11-25,0,19254.42,19484.21,18625.0,19056.67,87755.73595
1060,1060,2020-11-26,-1,19056.68,19125.0,16188.0,16531.73,177913.8239
1061,1061,2020-11-27,0,16532.35,17457.62,16300.0,16781.22,95170.01387
1062,1062,2020-11-28,0,16781.22,17772.09,16634.34,17729.99,67059.26609
1063,1063,2020-11-29,0,17730.0,18250.0,17517.0,18118.27,56643.64276
1064,1064,2020-11-30,0,18118.27,19863.16,18008.12,19175.78,108954.4713
1065,1065,2020-12-01,0,19175.87,19888.0,18001.12,18738.82,132850.3475
1066,1066,2020-12-02,0,18738.83,19342.0,18330.0,19011.99,78646.57655
1067,1067,2020-12-03,0,19011.97,19598.0,18867.2,19371.46,67448.7892
1068,1068,2020-12-04,0,19371.46,19540.0,18686.38,19056.45,66973.05768
1069,1069,2020-12-05,0,19056.45,19177.0,18500.0,19116.3,50296.244
1070,1070,2020-12-06,0,19116.65,19342.0,18857.0,19105.21,33629.55686
1071,1071,2020-12-07,0,19105.2,19420.91,18902.88,18939.7,43127.54717
1072,1072,2020-12-08,0,18938.51,19294.84,18610.0,18831.0,51409.7474
1073,1073,2020-12-09,0,18831.0,18895.0,17650.0,18196.4,85181.77582
1074,1074,2020-12-10,0,18196.41,18639.57,17911.12,18274.75,56181.75515
1075,1075,2020-12-11,0,18274.74,18435.74,17572.33,18044.26,71091.39851
1076,1076,2020-12-12,0,18044.26,18746.33,17925.37,18687.62,48666.8746
1077,1077,2020-12-13,0,18687.63,19411.0,18687.63,19185.33,59434.26808
1078,1078,2020-12-14,0,19185.33,19347.0,18971.0,19236.75,47182.0875
1079,1079,2020-12-15,0,19236.75,19570.0,19050.0,19530.0,59696.52183
1080,1080,2020-12-16,1,19529.99,20865.43,19276.0,20585.79,97921.98632
1081,1081,2020-12-17,0,20585.79,23800.0,20550.0,23250.27,181999.9034
1082,1082,2020-12-18,0,23251.16,23497.0,22311.1,22781.44,97165.10515
1083,1083,2020-12-19,0,22781.44,24171.47,22626.81,23822.66,85788.17979
1084,1084,2020-12-20,0,23822.66,24065.41,23060.0,23866.69,64724.44509
1085,1085,2020-12-21,0,23866.68,24295.0,21815.0,22813.66,98825.97005
1086,1086,2020-12-22,0,22813.65,23628.89,22353.4,23435.27,85830.89516
1087,1087,2020-12-23,0,23435.27,24100.0,22810.0,23605.07,110220.44
1088,1088,2020-12-24,0,23605.08,23625.0,22600.0,23313.35,78470.33184
1089,1089,2020-12-25,0,23314.23,24681.0,23250.18,24356.31,79717.43815
1090,1090,2020-12-26,0,24356.31,26000.0,24198.6,25619.24,82042.81451
1091,1091,2020-12-27,0,25619.24,28422.0,25590.0,27061.41,153300.1394
1092,1092,2020-12-28,0,27062.67,27500.0,25700.0,27023.55,90043.53808
1093,1093,2020-12-29,0,27022.83,27196.09,25880.0,26591.29,69506.60507
1094,1094,2020-12-30,0,26591.38,28598.74,26505.94,28510.86,90670.42507
1095,1095,2020-12-31,0,28510.86,29300.0,27850.0,28872.25,84502.94973
1096,1096,2021-01-01,0,28872.24,29600.0,28624.57,29072.7,57339.45866
1097,1097,2021-01-02,0,29072.7,33300.0,28880.37,32999.98,96532.3774
1098,1098,2021-01-03,0,32999.98,34778.11,30300.0,32769.76,143681.4502
1099,1099,2021-01-04,0,32769.79,33861.92,28130.0,31165.16,143368.7407
1100,1100,2021-01-05,0,31165.16,33433.55,29900.0,33372.84,103785.7648
1101,1101,2021-01-06,0,33372.83,35766.58,33098.82,35215.75,122443.1261
1102,1102,2021-01-07,0,35215.75,40365.0,34280.0,38948.48,137908.3498
1103,1103,2021-01-08,0,38907.58,41950.0,36500.0,39920.39,141605.3813
1104,1104,2021-01-09,0,39920.67,41380.0,38652.0,40650.01,88272.74653
1105,1105,2021-01-10,0,40650.0,41350.0,37200.0,38109.68,91701.05217
1106,1106,2021-01-11,-1,38106.11,39000.0,30420.0,32562.1,250295.9096
1107,1107,2021-01-12,0,32562.1,36628.0,31215.0,35040.78,150938.5984
1108,1108,2021-01-13,0,35040.78,35901.0,32380.0,35719.36,119156.0819
1109,1109,2021-01-14,0,35719.36,40100.0,35577.55,39344.79,111823.1232
1110,1110,2021-01-15,0,39344.8,39935.1,34408.0,35421.55,118483.0034
1111,1111,2021-01-16,0,35421.56,37950.0,34801.15,36484.95,86544.48019
1112,1112,2021-01-17,0,36484.95,36800.0,33850.0,35678.67,86033.22073
1113,1113,2021-01-18,0,35676.58,37469.83,34800.0,35755.62,74615.92677
1114,1114,2021-01-19,0,35755.62,37850.0,35695.7,36500.0,74724.89816
1115,1115,2021-01-20,0,36500.0,36800.0,33400.0,35250.61,92460.6099
1116,1116,2021-01-21,0,35250.39,35670.0,31037.0,31742.68,116687.5307
1117,1117,2021-01-22,0,31744.26,33322.0,28850.0,33277.32,155795.2885
1118,1118,2021-01-23,0,33275.67,33826.53,31390.16,32167.48,71993.02191
1119,1119,2021-01-24,0,32169.92,33071.0,31500.0,31831.67,53101.0724
1120,1120,2021-01-25,0,31831.66,34875.0,30900.0,33672.46,84842.60954
1121,1121,2021-01-26,0,33669.27,33788.38,30837.37,32224.5,90183.24182
1122,1122,2021-01-27,0,32222.88,32921.88,29241.72,29709.79,87659.91681
1123,1123,2021-01-28,0,29719.93,32670.0,29712.94,32633.68,90880.26196
1124,1124,2021-01-29,0,32633.69,38531.9,31915.4,35202.46,221715.6148
1125,1125,2021-01-30,0,35204.22,35357.14,32825.0,34340.0,106386.2299
1126,1126,2021-01-31,0,34340.0,34800.0,32171.67,32450.3,66279.9688
1127,1127,2021-02-01,0,32449.53,34717.27,32296.16,33731.52,88151.64147
1128,1128,2021-02-02,0,33739.52,35668.1,33418.0,35264.21,72023.68046
1129,1129,2021-02-03,0,35264.66,37221.42,35090.91,37114.14,80899.68047
1130,1130,2021-02-04,1,37116.47,38708.27,36161.95,37141.96,92617.40358
1131,1131,2021-02-05,0,37143.44,38310.12,36570.0,37406.23,69652.28194
1132,1132,2021-02-06,0,37405.63,40955.51,37230.0,40276.41,92008.36242
1133,1133,2021-02-07,0,40276.41,40469.19,37351.0,38239.1,88860.74066
1134,1134,2021-02-08,0,38239.37,44918.0,37660.97,42673.49,118601.9659
1135,1135,2021-02-09,0,42673.49,48142.19,42644.49,47012.77,134145.5825
1136,1136,2021-02-10,0,47012.77,47499.43,43727.0,45088.17,97916.90162
1137,1137,2021-02-11,0,45088.16,48399.0,43994.02,47653.14,82879.34063
1138,1138,2021-02-12,0,47653.15,48985.8,46125.0,47269.25,93562.16745
1139,1139,2021-02-13,0,47268.27,48150.0,46202.53,46792.05,67761.19336
1140,1140,2021-02-14,0,46790.39,49707.43,46653.58,48739.99,72583.68769
1141,1141,2021-02-15,0,48739.99,49300.0,45570.79,48358.99,76441.30419
1142,1142,2021-02-16,0,48361.0,50689.18,47003.62,48616.79,91102.888
1143,1143,2021-02-17,0,48616.79,51780.0,48173.81,51430.59,81713.58552
1144,1144,2021-02-18,0,51430.59,52618.74,50901.9,51862.85,65082.30451
1145,1145,2021-02-19,0,51860.4,55435.96,50710.2,55384.46,69748.10572
1146,1146,2021-02-20,0,55384.46,57700.46,54583.95,57115.24,83229.74357
1147,1147,2021-02-21,0,57118.09,58300.0,53863.93,58183.69,64055.79719
1148,1148,2021-02-22,-1,58183.69,58352.8,47622.0,53227.23,130586.187
1149,1149,2021-02-23,0,53227.23,54989.46,44892.56,46881.49,165180.0013
1150,1150,2021-02-24,0,46872.77,51374.99,45251.0,49570.0,97092.75073
1151,1151,2021-02-25,0,49570.0,52041.73,48028.18,49544.14,75514.85803
1152,1152,2021-02-26,0,49543.04,50000.0,44106.78,47317.09,113848.0766
1153,1153,2021-02-27,0,47317.09,48394.0,45000.0,47136.3,68689.13267
1154,1154,2021-02-28,0,47136.29,47557.14,43000.0,43677.39,83392.55101
1155,1155,2021-03-01,0,43683.79,49469.99,43434.22,48465.27,86243.55254
1156,1156,2021-03-02,0,48465.27,50200.0,47200.0,47678.38,66487.56176
1157,1157,2021-03-03,0,47678.38,52640.0,47047.6,51233.11,81466.01026
1158,1158,2021-03-04,0,51233.11,51773.88,47588.52,47600.01,81124.13129
1159,1159,2021-03-05,0,47600.0,48728.21,46300.0,48478.11,78112.18915
1160,1160,2021-03-06,0,48478.12,49448.93,47070.0,48473.3,47725.87808
1161,1161,2021-03-07,0,48473.3,51352.1,48223.36,50412.31,54149.17314
1162,1162,2021-03-08,0,50412.31,51847.38,49274.67,50803.18,62843.23738
1163,1163,2021-03-09,0,50803.19,54815.84,50790.0,53885.96,76142.1612
1164,1164,2021-03-10,0,53885.96,57100.0,53005.0,56730.54,76488.80381
1165,1165,2021-03-11,1,56730.55,57682.0,54272.82,57519.86,83915.75228
1166,1166,2021-03-12,0,57519.86,58150.0,54962.84,57349.23,76569.85399
1167,1167,2021-03-13,0,57349.24,60520.0,56078.23,60281.95,78268.2668
1168,1168,2021-03-14,0,60281.95,61844.0,59300.0,60138.31,60502.26483
1169,1169,2021-03-15,0,60138.31,60750.0,54600.0,56113.9,101343.775
1170,1170,2021-03-16,-1,56113.9,56940.0,53271.34,55349.99,78658.78812
1171,1171,2021-03-17,0,55349.99,57576.28,54123.69,57575.51,62932.04797
1172,1172,2021-03-18,0,57575.51,60129.97,57329.44,58221.01,73213.21751
1173,1173,2021-03-19,0,58221.02,59249.5,56270.74,58800.0,54917.47944
1174,1174,2021-03-20,0,58800.0,59880.0,57820.17,59173.03,44668.67683
1175,1175,2021-03-21,0,59173.03,59424.73,55450.11,57365.08,49154.0172
1176,1176,2021-03-22,0,57365.08,58430.73,56191.19,56494.11,48372.13783
1177,1177,2021-03-23,0,56492.91,56561.6,53000.0,55364.69,71223.95155
1178,1178,2021-03-24,0,55364.68,57200.0,53511.39,55378.91,65498.55986
1179,1179,2021-03-25,0,55380.64,55571.12,50427.56,52236.72,103840.1042
1180,1180,2021-03-26,0,52225.0,54060.24,51214.6,53682.52,64553.40932
1181,1181,2021-03-27,0,53682.51,56271.0,53528.35,55728.93,52683.16115
1182,1182,2021-03-28,0,55728.92,56700.36,55159.17,55192.08,40025.57959
1183,1183,2021-03-29,0,55192.08,58405.82,54691.84,57819.99,66873.52738
1184,1184,2021-03-30,0,57820.0,59368.0,57071.35,58853.02,57092.40548
1185,1185,2021-03-31,0,58853.02,59800.0,56769.0,59299.45,57368.18035
1186,1186,2021-04-01,0,59304.45,59567.28,57935.45,58716.56,51460.54023
1187,1187,2021-04-02,0,58716.56,60200.0,58455.1,59087.7,46119.85019
1188,1188,2021-04-03,0,59087.71,59791.72,57707.7,58455.36,42937.76807
1189,1189,2021-04-04,0,58455.36,58748.76,56388.0,58102.92,47901.89221
1190,1190,2021-04-05,0,58102.91,59272.0,56777.77,58876.29,51169.17011
1191,1191,2021-04-06,0,58876.3,59495.24,57413.02,58238.78,55231.19354
1192,1192,2021-04-07,0,58238.78,58655.0,55612.0,55859.13,69953.60653
1193,1193,2021-04-08,0,55859.13,58153.31,55473.0,57899.98,47610.89647
1194,1194,2021-04-09,0,57899.98,58894.9,57449.04,58381.84,40648.73432
1195,1195,2021-04-10,0,58381.85,61500.0,57873.31,60020.0,65187.40131
1196,1196,2021-04-11,0,60020.0,60699.0,58374.61,59865.0,44654.65344
1197,1197,2021-04-12,0,59865.01,61300.0,59350.59,59988.95,56337.26209
1198,1198,2021-04-13,0,59988.94,63777.77,59759.05,62641.77,81609.87
1199,1199,2021-04-14,0,62641.77,64854.0,61568.0,62119.26,78805.61423
1200,1200,2021-04-15,0,62119.26,63491.45,61301.0,62733.84,51445.44959
1201,1201,2021-04-16,0,62733.84,63800.0,60000.0,61817.56,93929.25181
1202,1202,2021-04-17,0,61817.55,62506.05,59580.91,60379.99,61670.9979
1203,1203,2021-04-18,0,60380.0,60955.0,50931.3,55473.86,120393.9654
1204,1204,2021-04-19,0,55473.85,57526.81,54221.58,55635.03,80852.21639
1205,1205,2021-04-20,0,55635.03,56600.0,53329.96,56253.81,68361.37299
1206,1206,2021-04-21,0,56254.98,57076.24,54276.85,55306.35,65155.42705
1207,1207,2021-04-22,0,55306.34,55738.14,52561.0,53372.69,89979.88366
1208,1208,2021-04-23,0,53372.69,53550.0,47500.0,50563.59,149407.742
1209,1209,2021-04-24,0,50563.59,51301.34,48657.14,50562.06,61515.37425
1210,1210,2021-04-25,0,50562.05,51000.0,49161.94,49622.7,41337.7064
1211,1211,2021-04-26,0,49622.7,54356.62,46930.0,54245.87,94363.32322
1212,1212,2021-04-27,0,54245.87,55300.0,52600.36,54960.01,62631.55448
1213,1213,2021-04-28,0,54960.01,55738.0,53813.16,54933.76,49468.05008
1214,1214,2021-04-29,0,54933.75,56428.0,52476.69,52928.54,57985.59814
1215,1215,2021-04-30,0,52935.72,57385.0,52330.94,56857.47,65562.15381
1216,1216,2021-05-01,0,56857.48,58458.07,56374.21,57610.52,46821.12047
1217,1217,2021-05-02,0,57610.51,57998.97,56035.25,56840.45,36804.68175
1218,1218,2021-05-03,0,56840.44,58981.44,56212.0,57764.42,52823.96924
1219,1219,2021-05-04,0,57764.42,57764.43,53201.01,54524.76,85837.47561
1220,1220,2021-05-05,0,54522.62,58069.82,52900.0,57301.55,75901.03756
1221,1221,2021-05-06,0,57301.56,58360.0,55450.0,55753.57,68550.45914
1222,1222,2021-05-07,0,55752.54,58650.0,55200.0,57890.03,75373.04937
1223,1223,2021-05-08,0,57890.02,59438.64,56749.75,59060.57,72661.64365
1224,1224,2021-05-09,0,59060.57,59500.0,56235.66,57439.39,68612.75181
1225,1225,2021-05-10,0,57441.61,59500.0,56388.26,56771.88,73842.59666
1226,1226,2021-05-11,0,56771.87,56977.48,53400.0,56383.66,83502.06314
1227,1227,2021-05-12,0,56383.66,58000.01,53576.3,54082.52,71849.32933
1228,1228,2021-05-13,0,54082.52,54751.92,46000.0,47844.04,164266.9581
1229,1229,2021-05-14,0,47844.04,51483.0,47832.38,50470.07,85460.56652
1230,1230,2021-05-15,0,50470.89,50700.0,47399.3,47890.07,84705.82802
1231,1231,2021-05-16,0,47890.72,49795.89,45333.34,45380.56,92605.5108
1232,1232,2021-05-17,-1,45409.99,46686.0,42001.0,43473.22,181084.6595
1233,1233,2021-05-18,0,43471.48,45799.29,42371.96,42800.01,123255.8414
1234,1234,2021-05-19,1,42800.01,43621.0,30000.0,37961.02,326604.3543
1235,1235,2021-05-20,0,37961.01,42451.67,34850.0,39811.84,227405.1804
1236,1236,2021-05-21,0,39808.32,42200.0,36100.0,37159.65,171226.115
1237,1237,2021-05-22,0,37159.65,38829.0,33488.0,37646.26,163484.8237
1238,1238,2021-05-23,0,37647.3,38400.0,31111.01,32529.81,205346.2446
1239,1239,2021-05-24,0,32539.08,38637.7,32203.87,37911.79,159092.8981
1240,1240,2021-05-25,0,37911.73,39920.0,36419.62,37884.91,128652.1578
1241,1241,2021-05-26,0,37884.9,40841.0,37011.0,38626.63,102960.0034
1242,1242,2021-05-27,0,38626.64,40411.14,37134.27,39089.57,89470.86954
1243,1243,2021-05-28,0,39094.18,39187.35,35100.0,36190.92,121392.9013
1244,1244,2021-05-29,0,36190.91,37338.58,33632.76,34070.98,121443.668
1245,1245,2021-05-30,0,34069.35,36488.0,33379.0,36125.54,82519.6483
1246,1246,2021-05-31,0,36125.54,37457.07,34153.84,36694.27,93397.16158
1247,1247,2021-06-01,0,36694.27,37894.81,35666.0,36240.69,80400.96817
1248,1248,2021-06-02,0,36240.46,38225.0,35726.36,38016.41,69634.17881
1249,1249,2021-06-03,0,38016.41,39476.0,37170.0,38553.01,74510.22016
1250,1250,2021-06-04,0,38553.0,39450.0,35555.15,37099.27,91839.77424
1251,1251,2021-06-05,0,37099.28,37925.0,35250.0,36040.12,64362.64642
1252,1252,2021-06-06,0,36040.12,36480.0,34800.0,35890.0,53231.97871
1253,1253,2021-06-07,0,35889.99,36900.0,35222.0,35486.9,59397.71422
1254,1254,2021-06-08,0,35484.57,35744.52,31000.0,32735.9,133569.0086
1255,1255,2021-06-09,0,32735.9,37000.0,32396.82,35886.37,134321.9097
1256,1256,2021-06-10,0,35886.37,38491.0,35650.16,36754.07,113490.778
1257,1257,2021-06-11,0,36754.06,37680.4,35782.0,37176.73,80239.57283
1258,1258,2021-06-12,0,37176.73,37498.58,34600.36,35892.62,93646.26029
1259,1259,2021-06-13,0,35892.63,37628.23,34757.0,37493.87,66168.39166
1260,1260,2021-06-14,0,37493.87,41064.05,37270.0,39732.81,122249.3023
1261,1261,2021-06-15,0,39732.82,41330.0,39323.1,40598.57,79326.98702
1262,1262,2021-06-16,0,40598.57,40724.35,38301.68,38709.35,91282.15234
1263,1263,2021-06-17,0,38709.35,39559.88,37505.0,37749.76,79290.04671
1264,1264,2021-06-18,0,37749.75,38258.0,35129.29,35289.53,93489.98487
1265,1265,2021-06-19,0,35289.52,36457.0,34803.52,35509.89,74345.60692
1266,1266,2021-06-20,0,35509.89,36200.0,33336.0,34940.45,81641.35123
1267,1267,2021-06-21,0,34940.45,36137.72,31710.0,32782.47,158611.8738
1268,1268,2021-06-22,0,32782.46,33298.78,28805.0,32986.4,212581.5794
1269,1269,2021-06-23,0,32986.41,34881.0,31683.0,33292.58,130690.7679
1270,1270,2021-06-24,0,33292.57,35298.0,32286.57,34884.14,92851.68816
1271,1271,2021-06-25,0,34884.14,35500.0,31500.0,32088.12,107544.4966
1272,1272,2021-06-26,0,32088.13,32730.0,30151.0,31590.27,113702.7451
1273,1273,2021-06-27,0,31590.27,33574.32,30905.78,32720.01,87059.84681
1274,1274,2021-06-28,0,32720.01,35297.71,32357.13,34168.22,94137.63914
1275,1275,2021-06-29,0,34168.21,36600.0,34108.61,36280.85,88892.77506
1276,1276,2021-06-30,0,36280.85,36488.7,34017.55,34821.99,74505.3909
1277,1277,2021-07-01,0,34821.99,35194.04,33001.0,33325.5,74361.17174
1278,1278,2021-07-02,0,33325.49,33977.04,32699.0,33290.01,60139.98784
1279,1279,2021-07-03,0,33288.79,34945.61,33041.65,34645.85,43104.12971
1280,1280,2021-07-04,0,34645.85,35727.0,34250.48,35510.38,42448.80644
1281,1281,2021-07-05,0,35510.39,35967.85,33125.55,33982.02,64576.42161
1282,1282,2021-07-06,0,33982.03,35118.88,33532.0,33841.37,60210.32309
1283,1283,2021-07-07,0,33844.92,35059.09,33628.81,34681.41,51589.95422
1284,1284,2021-07-08,0,34681.41,34748.37,32077.0,32840.91,70428.05991
1285,1285,2021-07-09,0,32840.92,33696.4,32261.07,33382.03,48801.50406
1286,1286,2021-07-10,0,33382.02,34262.0,33223.31,33466.71,36194.69134
1287,1287,2021-07-11,0,33466.71,34123.08,33004.78,33960.0,28007.1829
1288,1288,2021-07-12,0,33960.0,34678.43,32890.43,33010.24,47448.27663
1289,1289,2021-07-13,0,33010.27,33358.17,32280.0,32479.99,43775.16776
1290,1290,2021-07-14,0,32480.0,33114.03,31550.0,32743.96,48925.43944
1291,1291,2021-07-15,0,32743.96,33185.25,31133.0,31455.11,49011.19533
1292,1292,2021-07-16,0,31455.12,32249.18,31020.0,31956.38,49536.2433
1293,1293,2021-07-17,0,31956.39,32084.82,31164.31,31735.04,35583.87192
1294,1294,2021-07-18,0,31735.03,32435.0,31108.97,31604.51,35515.34819
1295,1295,2021-07-19,0,31604.51,31943.0,30407.44,30652.95,47076.40685
1296,1296,2021-07-20,0,30652.95,31063.07,29278.0,29777.84,59378.74476
1297,1297,2021-07-21,0,29777.83,32858.0,29482.61,31786.71,75666.94045
1298,1298,2021-07-22,0,31783.78,32591.35,31516.3,32278.1,55184.37119
1299,1299,2021-07-23,0,32278.1,32915.0,31924.32,32129.99,40221.42894
1300,1300,2021-07-24,0,32129.99,34500.0,32124.72,34281.87,55574.25223
1301,1301,2021-07-25,0,34281.88,34800.0,33667.01,34407.13,44898.33706
1302,1302,2021-07-26,0,34407.12,39999.99,34185.23,39709.16,122788.1995
1303,1303,2021-07-27,1,39709.17,40550.0,36383.0,37908.23,113100.7432
1304,1304,2021-07-28,0,37908.23,40900.0,37745.14,40440.99,103775.8205
1305,1305,2021-07-29,0,40440.99,40680.07,39200.0,39527.06,58591.713
1306,1306,2021-07-30,0,39527.07,40419.3,38313.23,39083.48,51402.11662
1307,1307,2021-07-31,0,39083.48,42448.0,39060.0,41376.12,66996.1649
1308,1308,2021-08-01,0,41376.11,42599.0,40714.28,41080.73,46946.09456
1309,1309,2021-08-02,0,41080.73,41500.0,38907.51,39637.87,56127.37612
1310,1310,2021-08-03,-1,39637.87,39783.72,37642.03,38194.23,60232.16788
1311,1311,2021-08-04,0,38194.22,39800.0,37508.56,39575.1,51246.95274
1312,1312,2021-08-05,0,39575.1,40987.0,37332.7,40840.0,78710.96325
1313,1313,2021-08-06,0,40840.01,43392.43,39853.86,42792.95,80182.03236
1314,1314,2021-08-07,1,42792.95,44555.0,42393.02,43542.0,70160.85989
1315,1315,2021-08-08,0,43542.0,45310.0,43396.35,43627.13,71115.24578
1316,1316,2021-08-09,0,43619.54,46454.15,42779.0,46193.99,69983.58533
1317,1317,2021-08-10,0,46193.99,46700.0,44589.46,45300.95,61256.26626
1318,1318,2021-08-11,0,45300.95,46743.47,45233.9,46302.83,49858.34232
1319,1319,2021-08-12,0,46302.83,46680.0,43770.0,44423.82,59628.6901
1320,1320,2021-08-13,0,44423.81,46666.0,43855.88,46510.58,41567.59943
1321,1321,2021-08-14,0,46510.58,48144.0,45971.03,46727.56,53086.90021
1322,1322,2021-08-15,0,46725.2,47374.67,45500.0,46281.82,40124.09245
1323,1323,2021-08-16,0,46281.82,48053.83,45951.73,46481.53,51940.83632
1324,1324,2021-08-17,0,46481.52,47160.0,45239.45,45760.53,50247.96096
1325,1325,2021-08-18,0,45760.54,46000.0,44203.28,45401.4,60236.27263
1326,1326,2021-08-19,0,45401.4,46757.01,43927.7,46562.83,54461.04539
1327,1327,2021-08-20,0,46562.83,49096.34,46340.12,48458.0,57191.81747
1328,1328,2021-08-21,0,48458.0,49757.04,48222.0,49457.59,48488.54119
1329,1329,2021-08-22,0,49457.59,49500.0,48050.0,48373.53,36102.15367
1330,1330,2021-08-23,0,48373.53,50500.0,48239.03,49459.11,51977.95171
1331,1331,2021-08-24,0,49459.1,49860.0,47749.1,48182.07,51884.92953
1332,1332,2021-08-25,0,48182.06,49062.2,47126.28,48924.64,45930.25496
1333,1333,2021-08-26,0,48924.64,49352.84,46250.0,47001.46,49561.2133
1334,1334,2021-08-27,0,47001.47,48451.51,46348.0,48325.48,40298.16023
1335,1335,2021-08-28,0,48325.49,49299.0,48155.0,48788.99,30291.98181
1336,1336,2021-08-29,0,48788.98,49632.27,47762.54,48747.07,30909.48435
1337,1337,2021-08-30,0,48747.08,49385.42,47370.0,48496.98,34827.88069
1338,1338,2021-08-31,0,48496.99,48696.87,46700.0,47305.48,53106.57131
1339,1339,2021-09-01,0,47305.47,49156.0,46512.0,48659.31,47160.57185
1340,1340,2021-09-02,0,48659.31,50450.13,48000.0,49371.96,58371.24565
1341,1341,2021-09-03,0,49373.25,51000.0,48316.84,50458.79,57328.81063
1342,1342,2021-09-04,0,50458.79,50541.66,49370.0,49879.01,36575.5674
1343,1343,2021-09-05,0,49879.02,50500.0,49450.0,50355.0,31575.84622
1344,1344,2021-09-06,0,50355.01,52188.8,50355.0,51833.37,52810.57549
1345,1345,2021-09-07,-1,51833.38,52920.0,42843.05,46922.02,120277.0548
1346,1346,2021-09-08,0,46922.02,47340.99,44412.02,46496.7,69038.2514
1347,1347,2021-09-09,0,46496.7,47399.97,45513.08,46632.42,53697.39488
1348,1348,2021-09-10,0,46632.41,47033.0,44738.9,45708.78,45618.89682
1349,1349,2021-09-11,0,45708.79,45987.93,44132.29,45647.33,34618.10546
1350,1350,2021-09-12,0,45647.34,46270.56,44742.06,45896.63,28833.84549
1351,1351,2021-09-13,0,45896.64,46880.0,43370.0,44705.37,67624.67162
1352,1352,2021-09-14,0,44707.85,46950.0,44594.44,46507.9,42953.12889
1353,1353,2021-09-15,0,46507.9,48429.87,46376.99,48029.34,45697.76649
1354,1354,2021-09-16,0,48027.85,48557.0,47211.35,47655.99,40704.29208
1355,1355,2021-09-17,0,47655.99,48150.0,46750.47,47195.51,33793.7442
1356,1356,2021-09-18,0,47195.5,48843.2,46699.56,48296.05,32101.37075
1357,1357,2021-09-19,0,48296.05,48372.83,47069.01,47659.39,29498.90399
1358,1358,2021-09-20,0,47659.4,47749.99,42500.0,43406.62,71126.66442
1359,1359,2021-09-21,0,43406.61,43968.67,40200.0,42196.41,71401.81895
1360,1360,2021-09-22,0,42196.41,44000.55,39600.0,43134.05,76351.39848
1361,1361,2021-09-23,0,43134.06,44936.77,42855.01,44735.46,48795.24873
1362,1362,2021-09-24,0,44735.47,45200.0,40675.0,42152.07,83713.69948
1363,1363,2021-09-25,0,42152.07,43200.0,41646.28,42581.83,38147.66347
1364,1364,2021-09-26,0,42581.82,43746.9,40750.0,43190.81,46309.17613
1365,1365,2021-09-27,0,43190.82,44350.0,42673.67,43033.61,39404.28169
1366,1366,2021-09-28,0,43033.61,43400.0,41115.0,41578.38,44764.18491
1367,1367,2021-09-29,0,41578.38,42590.0,40753.88,41306.78,34072.15762
1368,1368,2021-09-30,0,41306.78,44044.23,40900.0,43994.08,45984.43941
1369,1369,2021-10-01,0,43994.08,47928.0,43100.0,47724.18,62888.61571
1370,1370,2021-10-02,1,47724.17,48495.0,47430.18,47864.02,34257.21673
1371,1371,2021-10-03,0,47864.01,49228.08,47088.0,48822.03,29340.8904
1372,1372,2021-10-04,0,48822.03,49536.12,46891.0,49318.0,44751.65034
1373,1373,2021-10-05,0,49318.0,50777.0,48556.09,50612.44,47757.4714
1374,1374,2021-10-06,0,50612.45,55555.0,50382.41,54527.82,82933.76849
1375,1375,2021-10-07,0,54527.82,55750.0,53357.0,53895.9,59215.2232
1376,1376,2021-10-08,0,53895.9,56100.0,53607.27,54501.0,46315.62
1377,1377,2021-10-09,0,54500.99,55489.0,53661.67,54900.0,48958.867
1378,1378,2021-10-10,0,54897.24,56074.43,54080.0,55312.65,77582.91703
1379,1379,2021-10-11,0,55312.65,57768.36,54333.85,57343.26,69206.03404
1380,1380,2021-10-12,0,57343.26,57839.04,55523.25,55575.27,47580.76792
1381,1381,2021-10-13,0,55575.28,57242.0,53879.0,56976.38,59203.37633
1382,1382,2021-10-14,0,56979.99,58532.54,56607.27,58029.33,47582.11032
1383,1383,2021-10-15,0,58029.33,61880.0,56818.05,61649.97,71044.79841
1384,1384,2021-10-16,0,61649.97,62933.0,60150.0,61055.65,48809.81457
1385,1385,2021-10-17,0,61055.65,61465.9,60299.33,60976.09,26670.2128
1386,1386,2021-10-18,0,60976.08,62695.78,58963.0,61850.01,61373.65134
1387,1387,2021-10-19,0,61850.0,63628.65,61034.05,63429.96,47688.36921
1388,1388,2021-10-20,0,63429.97,67000.0,63398.2,66644.01,56279.98451
1389,1389,2021-10-21,0,66644.0,66700.0,62000.0,62737.67,66964.42517
1390,1390,2021-10-22,-1,62737.67,63732.39,60000.0,60638.65,55803.35753
1391,1391,2021-10-23,0,60638.66,61747.64,59562.15,61311.14,29753.52293
1392,1392,2021-10-24,0,61311.14,61500.0,59510.63,60114.62,29033.36196
1393,1393,2021-10-25,0,60114.62,63710.63,60086.7,63126.75,37925.86319
1394,1394,2021-10-26,0,63126.76,63329.48,61800.0,62326.59,31886.73418
1395,1395,2021-10-27,0,62326.59,62367.76,58000.0,58729.91,65424.32261
1396,1396,2021-10-28,0,58729.91,61800.0,57820.0,60126.36,55751.69375
1397,1397,2021-10-29,0,60126.36,62980.0,59534.8,62080.68,54138.08009
1398,1398,2021-10-30,0,62089.8,62718.87,60673.0,61560.91,29961.02046
1399,1399,2021-10-31,0,61560.91,62405.3,59945.36,60705.62,40752.16761
1400,1400,2021-11-01,0,60705.62,62437.74,59405.0,60555.01,42938.31992
1401,1401,2021-11-02,0,60555.01,64270.0,60322.67,63250.01,45926.80352
1402,1402,2021-11-03,0,63250.01,63670.97,60382.76,63149.04,43732.05148
1403,1403,2021-11-04,0,63149.05,63333.0,60723.0,60739.25,38085.78865
1404,1404,2021-11-05,0,60732.34,62595.72,60677.01,61195.59,31743.7483
1405,1405,2021-11-06,0,61195.58,61560.49,60050.0,60757.61,26079.45457
1406,1406,2021-11-07,0,60757.62,62499.44,60741.25,62435.84,23621.3989
1407,1407,2021-11-08,0,62435.84,66538.53,62120.68,65913.0,49612.56471
1408,1408,2021-11-09,0,65913.0,68524.25,65500.0,66520.37,48739.54505
1409,1409,2021-11-10,0,66520.38,69000.0,65888.0,67792.81,43084.4366
1410,1410,2021-11-11,0,67790.44,68013.64,62822.9,64746.0,62043.85785
1411,1411,2021-11-12,0,64746.0,65450.7,62278.0,63872.36,42796.53409
1412,1412,2021-11-13,0,63872.36,65000.0,63360.22,64134.69,25011.94475
1413,1413,2021-11-14,0,64134.68,65320.0,63576.27,64028.34,22211.13544
1414,1414,2021-11-15,0,64028.34,66401.82,63624.54,63812.79,38165.04488
1415,1415,2021-11-16,0,63812.79,64320.33,58574.07,59900.01,74558.42645
1416,1416,2021-11-17,-1,59900.01,61199.65,58373.0,60470.65,49605.5423
1417,1417,2021-11-18,0,60470.65,60976.0,56592.06,57996.84,57328.65815
1418,1418,2021-11-19,0,58004.08,58484.94,55600.0,57879.47,55920.93468
1419,1419,2021-11-20,0,57879.46,59625.0,57353.0,59411.47,33331.90793
1420,1420,2021-11-21,0,59411.47,60029.76,58486.65,59436.01,31976.53777
1421,1421,2021-11-22,0,59436.02,59696.69,56404.66,56440.81,46313.79217
1422,1422,2021-11-23,0,56440.81,58009.99,55317.0,57421.01,55066.17318
1423,1423,2021-11-24,0,57421.0,57854.39,55837.0,56799.99,38499.4009
1424,1424,2021-11-25,0,56799.98,59390.0,56571.42,59116.69,43652.75443
1425,1425,2021-11-26,1,59116.7,59398.9,53500.0,54081.76,65366.40809
1426,1426,2021-11-27,0,54081.76,55280.0,53521.0,54976.9,30506.0692
1427,1427,2021-11-28,0,54976.9,55065.0,53256.64,54108.99,29037.60088
1428,1428,2021-11-29,0,54108.99,58865.97,54044.98,58633.12,45356.32149
1429,1429,2021-11-30,0,58633.12,59176.99,55875.55,58319.92,50659.48642
1430,1430,2021-12-01,0,58319.92,59053.55,56630.0,57461.32,42008.8343
1431,1431,2021-12-02,0,57461.32,57693.0,55777.77,56719.45,40923.73546
1432,1432,2021-12-03,0,56719.46,57600.0,54451.11,54881.62,41015.11664
1433,1433,2021-12-04,0,54881.63,54910.0,42000.3,48866.12,127305.6991
1434,1434,2021-12-05,0,48866.13,49699.05,47727.21,49089.18,48851.88596
1435,1435,2021-12-06,0,49089.19,49546.69,47100.0,49174.27,54607.21245
1436,1436,2021-12-07,0,49174.26,51936.33,48760.0,50921.61,42027.70176
1437,1437,2021-12-08,0,50921.61,51204.77,48600.0,50548.7,40063.56745
1438,1438,2021-12-09,0,50548.71,50896.08,47500.0,47753.24,35564.38759
1439,1439,2021-12-10,0,47751.87,50125.0,47251.06,47822.77,45050.8705
1440,1440,2021-12-11,0,47822.76,49276.0,46751.0,48671.6,31564.81604
1441,1441,2021-12-12,0,48671.6,50777.0,48385.98,50468.71,25792.61177
1442,1442,2021-12-13,0,50468.71,50600.0,46653.0,47444.56,37763.44326
1443,1443,2021-12-14,0,47444.55,47959.77,45672.75,46646.68,48787.91227
1444,1444,2021-12-15,0,46646.68,48850.0,46547.0,47829.99,40002.93698
1445,1445,2021-12-16,0,47830.0,49500.0,47212.0,47983.5,45724.02381
1446,1446,2021-12-17,0,47983.49,48387.54,45456.0,46989.28,42380.54612
1447,1447,2021-12-18,0,46989.28,47392.37,45500.0,46726.37,28354.31295
1448,1448,2021-12-19,0,46726.37,48300.01,46325.61,47121.57,27658.61867
1449,1449,2021-12-20,0,47117.22,47550.0,45558.85,46268.58,33376.42034
1450,1450,2021-12-21,0,46268.58,49328.96,46240.01,48441.51,40806.97911
1451,1451,2021-12-22,0,48441.51,49576.13,48332.5,48576.02,27034.80291
1452,1452,2021-12-23,0,48576.02,50776.98,47920.42,50619.98,32135.71131
1453,1453,2021-12-24,0,50619.98,51638.0,50384.43,51600.48,33433.95985
1454,1454,2021-12-25,1,51600.47,51810.0,50142.32,50986.34,21539.57911
1455,1455,2021-12-26,0,50986.35,51080.0,49412.0,50351.1,21573.49564
1456,1456,2021-12-27,0,50351.1,52088.0,49914.73,51690.69,27309.74213
1457,1457,2021-12-28,-1,51690.68,51713.64,47600.0,47792.71,45434.90229
1458,1458,2021-12-29,0,47800.31,48142.78,46586.62,47531.47,37130.88385
1459,1459,2021-12-30,0,47531.47,47887.07,45900.0,47860.75,34435.37698
1460,1460,2021-12-31,0,47860.74,48548.26,46500.0,46686.41,30529.22572
1461,1461,2022-01-01,0,46686.42,47954.63,45678.0,47560.55,25429.86224
1462,1462,2022-01-02,0,47560.54,47990.0,46654.0,47058.12,18536.9197
1463,1463,2022-01-03,0,47056.43,47570.0,46263.29,46472.73,24132.57062
1464,1464,2022-01-04,0,46475.6,47557.54,45500.0,45750.0,36132.12446
1465,1465,2022-01-05,-1,45750.01,47070.0,45550.0,45919.92,29037.0402
1466,1466,2022-01-06,0,45919.93,46118.85,42430.58,43369.04,63400.58139
1467,1467,2022-01-07,1,43369.04,43581.3,40610.0,41707.64,54972.52794
1468,1468,2022-01-08,0,41707.04,42246.37,40501.0,40679.82,27031.90087
1469,1469,2022-01-09,-1,40679.82,42300.0,40520.0,41966.99,27291.00966
1470,1470,2022-01-10,0,41966.99,42786.7,39650.0,41604.58,51064.90436
1471,1471,2022-01-11,0,41604.58,43100.0,41158.99,42755.0,38062.81828
1472,1472,2022-01-12,1,42754.99,43095.26,42578.02,42675.0,5610.0601