,datetime,open,high,low,close,volume
0,2022-01-11,41301.89,43100,41158.99,42667.95,38354.97967
1,2022-01-12,42667.94,44078.4,42450,43799.49,33681.85906
2,2022-01-13,43797.33,44500,42565.01,42903.55,34203.46056
3,2022-01-14,42903.55,43347.42,41725.95,42862.13,34633.65439
4,2022-01-15,42862.14,43564.15,42555,43284.35,21163.76184
5,2022-01-16,43284.35,43800,42581.79,43031,22222.94
6,2022-01-17,43030.99,43263.15,41822.74,41969.2,24793.8791
7,2022-01-18,41969.21,42436.66,41250,41444.04,29893.8317
8,2022-01-19,41444.04,42691,41138.56,42007.28,32890.18054
9,2022-01-20,42007.28,43505,41548,42945.59,29834.29059
10,2022-01-21,42945.58,43241.38,37710,38183.16,76571.888365
11,2022-01-22,38183.16,38500,34008,34490.41,108573.015905
12,2022-01-23,34490.41,36150.76,34286.53,35124.35,43178.86831
13,2022-01-24,35124.36,36499,32917.17,35760.91,86328.525061
14,2022-01-25,35760.91,37550,35652.04,37421.34,58743.6684
15,2022-01-26,37421.33,38499,36421.56,37794.95,51249.73209
16,2022-01-27,37794.96,38919.98,35507.01,36040.04,66948.75221
17,2022-01-28,36040.04,37500,35538.75,36899.98,47669.44808
18,2022-01-29,36899.99,38198.82,36765.05,37637.28,26329.82613
19,2022-01-30,37637.28,38720.74,37556.56,37930.83,22348.651
20,2022-01-31,37930.84,38600,36632.61,38370.01,36473.11174
21,2022-02-01,38370.01,39265.2,38000,38841.99,36060.26312
22,2022-02-02,38841.99,38900,37066.66,37428.45,31378.30256
23,2022-02-03,37428.45,37674.34,36250,36714.27,34884.5608
24,2022-02-04,36714.28,40662.01,36270,40414.18,59972.6485
25,2022-02-05,40414.17,41913.69,40300.18,41674.78,40536.73139
26,2022-02-06,41674.77,42168,41116.56,41528.32,19231.23915
27,2022-02-07,41529.39,44500.5,41426.6,44037.21,48094.92061
28,2022-02-08,44037.2,45492,42666,43148.01,64022.43834
29,2022-02-09,43148.02,44471.4,42700,43977.01,37969.53945
30,2022-02-10,43977,45821,43174.01,44950.95,57626.63772
31,2022-02-11,44950.96,45254.95,42600,43340.48,42210.79658
32,2022-02-12,43340.48,43358.75,41688.88,42829.36,35501.6727
33,2022-02-13,42829.37,42897.2,41700,42291.2,18440.68934
34,2022-02-14,42291.19,42842.4,41550.56,42497.79,30555.76976
35,2022-02-15,42497.8,44500,41803.17,44149.29,40365.14457
36,2022-02-16,44149.28,44751.4,43307,43674.65,27848.18373
37,2022-02-17,43674.65,44376.58,40750.02,40975.51,42314.19118
38,2022-02-18,40975.5,41308.83,39450,39961.64,50088.69034
39,2022-02-19,39961.63,40444.32,39639.03,40057.85,20793.0926
40,2022-02-20,40057.86,40203.88,38000,38308.09,30345.38947
41,2022-02-21,38308.09,39494.35,37213.63,37648.88,49999.13284
42,2022-02-22,37648.89,38513.02,36350,37612.73,63108.88986
43,2022-02-23,37612.73,39249.93,37528.33,37738.94,42261.9969
44,2022-02-24,37738.94,37957.12,34322.28,35807.41,103138.72768
45,2022-02-25,35807.41,39843,35803.14,38769.21,75547.29506
46,2022-02-26,38769.21,40348.45,38537.91,38940.49,32258.95849
47,2022-02-27,38940.48,39855.7,38189.19,39060.9,33060.65324
48,2022-02-28,39060.9,41463.41,37000,41170.1,71608.35587
49,2022-03-01,41170.11,44949,41009.28,43520.37,73971.00295
50,2022-03-02,43520.37,45400,43334.09,43822.41,59191.07764
51,2022-03-03,43822.42,44380,42055.64,42402.92,49470.48583
52,2022-03-04,42402.93,42703.65,40414.24,40767.27,53628.98095
53,2022-03-05,40767.26,40837.85,38407.59,39294.67,43293.51149
54,2022-03-06,39294.67,39693.87,38088.57,39069.76,33699.26505
55,2022-03-07,39069.76,39547.57,37578.03,37996.06,56787.22383
56,2022-03-08,37996.05,39362.08,37155,38981.37,64968.23328
57,2022-03-09,38981.37,42594.06,38388.73,42094.12,66398.82951
58,2022-03-10,42094.11,42320,38539.73,39044.91,73776.56982
59,2022-03-11,39044.9,40236.26,38223.6,38848.32,57850.16074
60,2022-03-12,38848.33,39486.71,38308.83,39115.59,28753.78859
61,2022-03-13,39115.59,39310,38370,38900.38,25717.56867
62,2022-03-14,38900.37,39299.98,37555,38495.05,46504.54038
63,2022-03-15,38494.99,39947.12,38098.33,39216.44,45991.49747
64,2022-03-16,39216.44,41718,38828.48,39726.51,80913.43493
65,2022-03-17,39726.51,41478.82,39311.53,40780,50000.53604
66,2022-03-18,40780,41850,40135.04,41664.32,41375.82369
67,2022-03-19,41664.32,42325.02,41499.29,41860.7,31615.5048
68,2022-03-20,41860.71,42400,40911,41176.5,31083.97839
69,2022-03-21,41176.51,41677.65,40467.94,41117.51,39035.10401
70,2022-03-22,41117.5,43361,40863.54,42517.45,59488.30832
71,2022-03-23,42517.45,42872.17,41751.47,42165.23,40816.33997
72,2022-03-24,42165.23,44220.89,42070.91,43886.01,56849.78041
73,2022-03-25,43886,45094.14,43579,44390.6,55074.62036
74,2022-03-26,44390.6,44646.06,44071.97,44382.38,22259.78588
75,2022-03-27,44382.38,45036.04,44255,44887.89,25347.5824
76,2022-03-28,44887.89,47908.05,44678.12,47688.76,68825.1227
77,2022-03-29,47688.76,48189.84,46885.44,47577.77,42513.64501
78,2022-03-30,47577.77,47871.02,46445.42,47484.93,39647.18603
79,2022-03-31,47484.93,47600,45595.28,45858.09,48267.59046
80,2022-04-01,45858.08,46720.09,44200,46361.8,60280.51567
81,2022-04-02,46361.8,47213,45620,45863.49,36091.89833
82,2022-04-03,45863.49,46723,45530.92,46392.76,26771.27135
83,2022-04-04,46392.76,47444.11,45118,45255.3,44682.86214
84,2022-04-05,45255.29,47200,45218.37,45958.49,45991.49301
85,2022-04-06,45958.49,46107.58,43177.11,43428.76,59096.88712
86,2022-04-07,43428.76,44041.1,42727.35,43670.89,42549.52495
87,2022-04-08,43670.88,43970.62,42414,42693.48,38400.26152
88,2022-04-09,42693.47,43320.76,42107.14,42483.79,24360.60341
89,2022-04-10,42483.79,43310.15,42390,43199.35,16215.06791
90,2022-04-11,43199.34,43410.3,40238,40404.27,54695.1949
91,2022-04-12,40404.28,40699,39200,39774.6,65609.8058
92,2022-04-13,39774.6,41411,39254.63,41187.03,45128.59272
93,2022-04-14,41187.02,41561.31,39772.58,39924.66,38143.61456
94,2022-04-15,39924.67,40870.36,39551.94,40418.65,26906.1853
95,2022-04-16,40418.66,40709.35,39991.55,40150.46,15114.29237
96,2022-04-17,40150.47,40699.55,39833.31,40075.68,15598.0382
97,2022-04-18,40075.69,41116.73,38536.51,40768.87,52341.16668
98,2022-04-19,40768.87,41760,40421.67,41458.63,40263.53525
99,2022-04-20,41458.62,42199,41037.11,41175.87,38923.67967
100,2022-04-21,41175.87,42976,40820,41574.15,50279.55961
101,2022-04-22,41574.15,41670.21,39177,39402.2,56269.68174
102,2022-04-23,39402.19,39980,39285,39791.82,23044.53658
103,2022-04-24,39791.83,39948.27,38929.62,39615.62,25663.18292
104,2022-04-25,39615.62,39807.94,38200,39508.14,55157.98188
105,2022-04-26,39508.14,40797.31,38000.18,38370.01,62301.44597
106,2022-04-27,38370,39474.72,37702.26,38990.19,66194.74933
107,2022-04-28,38990.18,40372.63,38668.2,40282.6,54591.49786
108,2022-04-29,40282.6,40323.52,38435.42,38613.5,51477.65261
109,2022-04-30,38613.51,38795.38,38156.04,38311.9,33845.34258
110,2022-05-01,38311.9,38675,37386.38,38212.06,37883.68251
111,2022-05-02,38212.06,39167.34,37686.26,38149.49,55563.20844
112,2022-05-03,38149.48,38908.56,37629.14,37642,39888.75873
113,2022-05-04,37642,39475,37517.8,38976.04,54577.59633
114,2022-05-05,38976.04,40023.77,36001,36184.32,84287.26112
115,2022-05-06,36184.32,36675.63,35258,35925.81,83942.82756
116,2022-05-07,35925.81,36151.79,35722.24,35948.78,24321.44694
117,2022-05-08,35948.77,35966.04,33713.95,34221.56,77606.78864
118,2022-05-09,34221.55,34763.34,30836.06,31002.2,142776.333042
119,2022-05-10,31002.21,32658.99,29730.4,31627.23,204677.993486
120,2022-05-11,31627.23,32162.59,29039.54,30179.79,191103.375417
121,2022-05-12,30179.79,30266.1,26700,28548.89,223300.559439
122,2022-05-13,28548.9,31083.37,28001,29557.15,104140.41715
123,2022-05-14,29557.14,30250,28630,29755.55,53386.88422
124,2022-05-15,29755.54,30561.37,29285.19,30044.54,41102.46623
125,2022-05-16,30044.54,31460,29087.04,29926.73,77749.28208
126,2022-05-17,29926.73,30788.37,29450.38,29605.95,53797.69546
127,2022-05-18,29605.95,30709.99,28750,29164.06,60403.54452
128,2022-05-19,29164.05,30545.18,28654.47,30214.74,69592.72632
129,2022-05-20,30214.73,30777.33,28730,28890.01,62746.67664
130,2022-05-21,28890.01,29656.18,28818.86,29440.01,26409.27258
131,2022-05-22,29440,30311.31,29255.11,29960.61,32121.70372
132,2022-05-23,29960.62,30670.51,29906.79,30084.97,47718.9233
133,2022-05-24,30084.96,30160,28669,29400.65,70643.00992
134,2022-05-25,29400.65,30223.74,29101,29934.74,62428.77964
135,2022-05-26,29934.74,30034.37,28019.56,29531.47,93157.47375
136,2022-05-27,29531.46,29682.84,28282.9,28316.21,88427.05935
137,2022-05-28,28316.22,29266,28288.7,28940.89,44810.39456
138,2022-05-29,28940.89,29489,28839.21,29230.22,24143.80435
139,2022-05-30,29230.22,30931,29077.98,30682.61,63985.69095
140,2022-05-31,30682.61,32399,30500,32071.97,91624.22517
141,2022-06-01,32071.96,32074.54,29901.29,30337.09,83052.5262
142,2022-06-02,30337.09,30445,29301,30232.95,77734.30408
143,2022-06-03,30232.95,30699,29282.36,29560,57841.24442
144,2022-06-04,29559.99,29988.88,29485,29747.81,27191.21799
145,2022-06-05,29747.82,30189,29531.42,30055.88,21705.45789
146,2022-06-06,30055.88,31765.64,29815.75,31320.68,66927.52806
147,2022-06-07,31320.67,31599.85,29218.96,30200.38,79551.06339
148,2022-06-08,30200.38,31589.6,29843.88,30212.5,98746.70028
149,2022-06-09,30212.49,30700,29916.45,30238.07,47299.36716
150,2022-06-10,30238.07,30382.8,28850,29062.81,74920.39602
151,2022-06-11,29062.82,29440.41,28099.99,28525.79,64476.21008
152,2022-06-12,28525.78,28794.46,26890,27981.44,82179.96685
153,2022-06-13,27981.44,27995.43,22600,23640.01,244627.681207
154,2022-06-14,23640.01,23787.3,20846,22446.39,198118.782628
155,2022-06-15,22446.4,22590.72,20111.62,20752.47,179738.827027
156,2022-06-16,20752.47,22995.73,20448.62,20995,119870.9798
157,2022-06-17,20995.01,21365.43,20232,20592.18,94435.89807
158,2022-06-18,20592.19,20792.06,18257.79,18262.51,142425.513788
159,2022-06-19,18262.51,20150,17622,19625.59,165568.987336
160,2022-06-20,19626.2,21090,19561.35,20025.53,121980.4521
161,2022-06-21,20025.53,21723,19886.27,21222.46,104215.81714
162,2022-06-22,21222.46,21306.51,19840.86,20245.16,93157.38414
163,2022-06-23,20245.15,20829.21,19770.51,20413.18,76438.97867
164,2022-06-24,20413.18,21457,20375.13,20971.36,86287.31726
165,2022-06-25,20971.37,21614.5,20906.62,21085.85,54759.39874
166,2022-06-26,21085.85,21888,21066.38,21192.14,51501.60311
167,2022-06-27,21192.13,21539.85,20510,20884.08,66315.78794
168,2022-06-28,20884.09,21212.1,20264.01,20325.79,62165.25895
169,2022-06-29,20325.79,20463.2,19854.92,20108.81,73687.03692
170,2022-06-30,20108.81,20432.31,18756.71,19054.54,84711.90198
171,2022-07-01,19054.54,20918.35,18626,19488.49,122676.84735
172,2022-07-02,19491.37,19686.71,18977.01,19276.28,52274.98726
173,2022-07-03,19276.28,19408.01,18781,19202.45,45287.84901
174,2022-07-04,19202.46,20143.02,19055.31,19871.24,71676.13912
175,2022-07-05,19871.25,20478.4,19304.4,19764.41,84001.35027
176,2022-07-06,19764.41,20750,19761.25,20342.11,93639.80591
177,2022-07-07,20342.1,21200,20251.68,21100.6,72402.15963
178,2022-07-08,21100.59,22527.37,21090,21825.22,383596.99375
179,2022-07-09,21825.22,22045.91,21322.12,21827.3,199571.43733
180,2022-07-10,21826.68,21916.61,20655,20824.64,186831.46062
181,2022-07-11,20823.05,21180.92,20271.1,20569.07,137628.1904
182,2022-07-12,20571.62,20716.29,19558.12,19814.94,139048.88362
183,2022-07-13,19814.94,20128.39,18910.94,19777.06,208068.31108
184,2022-07-14,19779.64,20789.46,19584.37,20695.12,185082.06917
185,2022-07-15,20697.91,21090,20382.29,20855.25,141501.0551
186,2022-07-16,20852.72,21588.94,20478.61,21284.28,121939.87108
187,2022-07-17,21284.28,21684.54,20824,20987.45,125395.9069
188,2022-07-18,20985.54,22777.63,20750.01,21932.58,210329.35021
189,2022-07-19,21932.58,23529,21388,23364.46,271941.33916
190,2022-07-20,23361.56,24276.74,22922,23791.39,228468.37247
191,2022-07-21,23788.61,23950,22341.46,22918.21,202377.00688
192,2022-07-22,22915.8,23756.49,22805.89,23013.79,174440.75862
193,2022-07-23,23011.01,23138.45,21934.57,22227.16,128573.01886
194,2022-07-24,22226.96,22911.31,22031.31,22741.58,113648.67456
195,2022-07-25,22743.35,23014.64,21683.4,21874.02,148648.40399
196,2022-07-26,21874.02,22259.98,20706.5,20932.14,196797.64226
197,2022-07-27,20932.14,22222,20805,22091.34,174623.0306
198,2022-07-28,22091.13,24106.96,21941.47,23764.99,267370.62044
199,2022-07-29,23764.99,24442.66,23414.03,23883.6,211227.08421
200,2022-07-30,23883.94,24668,23650,24535.79,142902.76233
201,2022-07-31,24535.79,24567.89,23502.25,23672.86,126607.78685
202,2022-08-01,23671.95,23982.89,22876.74,22906.24,154847.0087
203,2022-08-02,22904.22,23459.89,22654.37,23168.27,160381.64509
204,2022-08-03,23170.73,23647.68,22681.22,23495.53,143338.41329
205,2022-08-04,23493.14,23541.85,22400,22591.99,156130.27773
206,2022-08-05,22591.99,23472.86,22427.27,22796.13,174552.43825
207,2022-08-06,22794.39,23354.36,22754.13,23138.04,93373.07275
208,2022-08-07,23138.04,23300,22844.62,23241.99,87911.42121
209,2022-08-08,23240.45,24245,23051.71,23950.25,157456.56169
210,2022-08-09,23948.39,24104.55,22865,23017.24,152805.56639
211,2022-08-10,23016.36,24178,22664.69,23757.68,187191.57453
212,2022-08-11,23757.68,24918.54,23475.4,24197.96,258141.33581
213,2022-08-12,24197.96,24334.46,23583,24029.42,172314.20934
214,2022-08-13,24031.53,24888,24025.12,24505.3,167012.74446
215,2022-08-14,24505.92,25047.56,24144,24283,150213.13067
216,2022-08-15,24281.57,25211.32,23869.46,24105.94,229997.70055
217,2022-08-16,24107.81,24247.49,23671.22,23966.28,184684.23534
218,2022-08-17,23966.28,24446.71,23321.6,23518.2,207320.56918
219,2022-08-18,23519.67,23638.84,23180.4,23286.28,148422.08676
220,2022-08-19,23286.28,23448,21261.96,21363.92,252745.42989
221,2022-08-20,21364.69,21459.57,20783.57,21260.89,192377.64639
222,2022-08-21,21260.82,21587.74,20761.9,21423.38,171732.41407
223,2022-08-22,21424.72,21800,20890.18,21157.48,223746.98053
224,2022-08-23,21158.52,21684.87,20890.14,21540.66,210392.75735
225,2022-08-24,21540.66,21900,21145,21700.97,176125.05967
226,2022-08-25,21699.44,21819.88,21310.15,21562.1,174163.84864
227,2022-08-26,21562.1,21886.77,20529.74,20583.99,250339.99896
228,2022-08-27,20584.18,20749.98,19800,19982.97,183062.06111
229,2022-08-28,19982.97,20171.18,19811,20016.24,127359.47419
230,2022-08-29,20015.54,20433.62,19520,20164.53,214074.53828
231,2022-08-30,20164.53,20576.25,19540,19712.76,234164.7417
232,2022-08-31,19711.44,20490,19711.44,20017.65,288164.31572
233,2022-09-01,20017.65,20328.46,19565.66,19873.92,248151.63338
234,2022-09-02,19873.92,20441.26,19755.29,19914.96,246034.8532
235,2022-09-03,19916.02,20078.9,19726.1,19790.42,160214.62363
236,2022-09-04,19790.42,19956.54,19583.1,19852.39,143866.07807
237,2022-09-05,19851.37,20057.27,19633.83,19691.41,211877.54169
238,2022-09-06,19690.36,20180,18900,19005.07,328744.42509
239,2022-09-07,19003.89,19120,18510.77,18984.23,284252.6295
240,2022-09-08,18984.23,19464.06,18960,19206.83,293205.30563
241,2022-09-09,19206.83,21437.9,19174.08,21167.42,398559.035
242,2022-09-10,21167.42,21672.24,21111.13,21375.33,308691.56642
243,2022-09-11,21375.33,21860,21350,21650.06,286026.77279
244,2022-09-12,21649.15,22488,21456.67,22295.4,404057.05059
245,2022-09-13,22293.91,22799,20651,20711.71,412668.93914
246,2022-09-14,20711.71,20716.44,19617.62,19937.63,350700.39178
247,2022-09-15,19937.63,20393.37,19497,19850.06,348910.07391
248,2022-09-16,19850.06,19894.99,19320.01,19523.79,285368.51682
249,2022-09-17,19525.71,20189,19502.22,20066.97,198442.09117
250,2022-09-18,20067.9,20145.76,19562.45,19678.26,214541.0479
251,2022-09-19,19679.61,19753.95,18232.56,18908.97,378837.23428
252,2022-09-20,18909.83,19686.2,18711.87,18911.67,333942.4454
253,2022-09-21,18911.67,19956,18666,19060.46,311626.5599
254,2022-09-22,19060.46,19791.67,18125.98,19038.65,436648.0048
255,2022-09-23,19038.65,19550.17,18531.42,18729.43,378494.48292
256,2022-09-24,18729.1,19406.73,18620.28,19083.84,277736.01022
257,2022-09-25,19083.13,19180.21,18805.34,18980.51,187804.50329
258,2022-09-26,18981.16,19318.96,18629.2,19113.51,418964.63082
259,2022-09-27,19113.51,20385.86,18816.32,18951.87,556650.10596
260,2022-09-28,18950.71,19666.66,18471.28,19479.22,544262.05398
261,2022-09-29,19479.22,19790,18843.01,19345.06,428158.24121
262,2022-09-30,19344.2,20185,19155.36,19754.95,432012.6174
263,2022-10-01,19754.95,19777.96,19159.42,19253.97,213981.27106
264,2022-10-02,19254.51,19395.91,19036,19167.32,167213.2223
265,2022-10-03,19167.32,19640,18920.35,19600.44,306074.51705
266,2022-10-04,19600.44,20270,19431.06,20032.34,313523.57594
267,2022-10-05,20032.34,20475,19730,20193.07,318277.16384
268,2022-10-06,20193.07,20456.6,19874.81,20073.24,338075.46454
269,2022-10-07,20074.2,20105.08,19320,19419.22,233938.34939
270,2022-10-08,19419.22,19645,19375.16,19499.65,106928.0809
271,2022-10-09,19499.65,19558,19237.14,19471.08,109529.10608
272,2022-10-10,19470.71,19538.23,19098.21,19272.82,203270.07132
273,2022-10-11,19274.77,19313.06,18860,19086.34,230334.63959
274,2022-10-12,19086.34,19203.14,18918.01,19146.94,235709.01531
275,2022-10-13,19145.84,19238.31,18190,19170.61,358800.72683
276,2022-10-14,19170.61,19951.87,19160.15,19270.98,381011.20103
277,2022-10-15,19270.98,19284.98,19037.39,19113.97,132325.65593
278,2022-10-16,19113.97,19195,18975.18,19126.06,103701.15072
279,2022-10-17,19126.06,19676.96,19101,19483.24,240071.11565
280,2022-10-18,19483.24,19706.66,19280.11,19397.68,237849.10087
281,2022-10-19,19398.71,19433.43,19065.97,19199.95,215285.80383
282,2022-10-20,19199.14,19347.82,18900,19013.95,209227.81343
283,2022-10-21,19014.92,19229,18650,19133.71,276294.6044
284,2022-10-22,19132.85,19257,19112.72,19161.5,129268.39661
285,2022-10-23,19161.5,19553.96,19070.11,19483.97,121744.32817
286,2022-10-24,19483.97,19695,19157,19324.38,284714.29912
287,2022-10-25,19323.35,20353.76,19237,20330.97,271647.40265
288,2022-10-26,20330.97,21020,19981.12,20759.62,412757.58093
289,2022-10-27,20759.91,20907,20430,20576.52,307301.90186
290,2022-10-28,20576.52,20750,20000.09,20648.79,329205.01548
291,2022-10-29,20649.98,21085,20542,20831,253913.46532
292,2022-10-30,20830.28,20931.21,20550,20654.16,193670.16004
293,2022-10-31,20654.16,20845.92,20237.95,20390.41,291172.10646
294,2022-11-01,20391.28,20700,20330.74,20427.41,291477.23168
295,2022-11-02,20426.71,20768.49,20141,20737.39,270524.18192
296,2022-11-03,20737.39,20800,20031.24,20245.97,409283.63709
297,2022-11-04,20245.97,21302.05,20157.86,20922.05,432073.97564
298,2022-11-05,20920.66,21480.65,20885.01,21292.14,281263.75896
299,2022-11-06,21292.14,21380,21143.27,21223.27,206733.90253
300,2022-11-07,21224.11,21237.75,20571.52,20726.56,368380.9264
301,2022-11-08,20727.41,20892.04,18386,18754.26,635219.35321
302,2022-11-09,18754.26,19012.5,16700.01,16724.81,769110.082551
303,2022-11-10,16724.81,17989,15588,17191.93,688840.767571
304,2022-11-11,17191.93,18199,16361.6,16956.94,421314.04085
305,2022-11-12,16958.21,17148.96,16555.77,16844.72,205525.89657
306,2022-11-13,16844.72,16954.28,16435.23,16484.09,164076.97712
307,2022-11-14,16484.1,17190,15815.21,16616.64,359394.40387
308,2022-11-15,16618.72,17134.69,16181,16859.72,286610.2486
309,2022-11-16,16858.6,17015.92,16378.61,16595.6,280493.91016
310,2022-11-17,16595.6,16773.09,16410.74,16691.91,231933.34076
311,2022-11-18,16692.09,17011,16546.04,16585.5,216407.36168
312,2022-11-19,16585.11,16727.99,16553.53,16624.05,114081.12046
313,2022-11-20,16623.85,16822.41,16461,16574.1,129981.01709
314,2022-11-21,16574.61,16613.35,15897.15,15975.34,287700.28029
315,2022-11-22,15975.34,16315,15476,16138.46,287098.757703
316,2022-11-23,16139.06,16677.25,16085.54,16478.67,243703.25116
317,2022-11-24,16478.67,16812.63,16395.16,16577.41,235356.55853
318,2022-11-25,16577.41,16639,16342.81,16509.4,181601.48553
319,2022-11-26,16508.95,16701.99,16477.13,16510.98,178278.00564
320,2022-11-27,16511.2,16600,16385,16555.72,161869.99859
321,2022-11-28,16556.55,16597.36,15995.27,16189.36,255997.28427
322,2022-11-29,16189.36,16548.71,16100,16364.89,242918.84511
323,2022-11-30,16364.89,17162.2,16357.19,16742.05,251734.30514
324,2022-12-01,16740.57,17324,16705,16940.92,285014.6761
325,2022-12-02,16941.81,17105.73,16787.85,16948.14,203638.22272
326,2022-12-03,16947.74,17188.98,16880.88,16973.55,155825.39147
327,2022-12-04,16973.55,17159,16858.74,17125.1,173725.8546
328,2022-12-05,17125.2,17424.25,16980.28,17092.26,228671.35685
329,2022-12-06,17092.26,17102.97,16867,16937.85,217069.90239
330,2022-12-07,16937.03,17142.21,16678.83,16819.92,234697.71465
331,2022-12-08,16819.4,17038,16733.49,17016.53,198918.80316
332,2022-12-09,17016.53,17360,17007.56,17131.95,268136.75749
333,2022-12-10,17131.95,17227.72,17067.1,17188.43,151660.88507
334,2022-12-11,17188.05,17200,17092,17171.98,129952.08204
335,2022-12-12,17171.98,17270.99,16871.85,17014.93,235583.3347
336,2022-12-13,17015.51,18000,17005.7,17701.08,293958.14258
337,2022-12-14,17701.08,18297.42,17685,18254.54,202215.83306
338,2022-12-15,18254.54,18387.95,17341.77,17406.17,270054.14458
339,2022-12-16,17406.17,17531.73,16732.36,16810.26,239231.63195
340,2022-12-17,16810.26,16956.55,16527.32,16691.64,190847.70318
341,2022-12-18,16691.66,16804.7,16663.07,16760.1,109405.37119
342,2022-12-19,16759.43,16863.26,16505,16624.16,151546.41475
343,2022-12-20,16625.03,17061.27,16256.3,16809.43,261142.71564
344,2022-12-21,16808.57,16926.99,16723,16805.15,164998.21715
345,2022-12-22,16805.62,16868.52,16559.85,16597.87,162710.26135
346,2022-12-23,16597.87,16955.14,16581.56,16845.87,176032.60782
347,2022-12-24,16846.28,16860.07,16765.67,16834.17,104643.7734
348,2022-12-25,16834.17,16869.99,16721,16795.9,119946.47413
349,2022-12-26,16795.52,16924,16727,16825.67,125596.53728
350,2022-12-27,16825.67,16972.83,16620.04,16662.83,168631.02433
351,2022-12-28,16662.88,16785.19,16559.79,16641.23,183876.42524
352,2022-12-29,16641.22,16664.41,16465.33,16620.5,167159.86408
353,2022-12-30,16620.5,16654.51,16333,16527.2,168887.13128
354,2022-12-31,16526.76,16677.35,16523.81,16577.13,124171.63745
355,2023-01-01,16577.12,16603.89,16470,16594.11,98960.2648
356,2023-01-02,16593.68,16772.01,16548.7,16711.8,120456.2242
357,2023-01-03,16711.8,16799.23,16605.28,16651.22,152629.42978
358,2023-01-04,16651.22,16940,16622.41,16918.51,200043.80415
359,2023-01-05,16918.51,16991.87,16753,16839.97,181217.18371
360,2023-01-06,16839.97,16875.5,16679,16848.38,188326.50851
361,2023-01-07,16848.38,17041,16841.25,16936.42,135706.66555
362,2023-01-08,16936.42,17022.08,16911,16931.01,115097.22206
363,2023-01-09,16930.78,17398.8,16922,17376.59,249267.83577
364,2023-01-10,17377.03,17404.66,17128,17378.21,228521.99927
365,2023-01-11,17378.21,17571.7,17315.6,17487.61,224195.39486
366,2023-01-12,17486.95,18988,17458,18649.3,446238.48679
367,2023-01-13,18647.77,19406.26,18615.21,19299.45,365014.56559
368,2023-01-14,19299.45,21258,19246.12,20682.4,457150.8572
369,2023-01-15,20682.25,21072.27,20551.01,20794.9,185788.95323
370,2023-01-16,20796.69,21439.59,20611.48,21083.46,257435.08697
371,2023-01-17,21083.46,21647.45,20841.31,21269.64,286055.17881
372,2023-01-18,21268.78,21650,20407.15,20995.96,345985.36912
373,2023-01-19,20994.81,21063.52,20624.02,20882.68,251768.66336
374,2023-01-20,20882.68,21437.3,20861.28,21323.25,278975.20769
375,2023-01-21,21323.25,23371.8,21306.6,23125.04,407709.34319
376,2023-01-22,23125.04,23308.06,22602.55,22876.55,239552.85267
377,2023-01-23,22875.4,23180,22292.37,23105.33,301310.84445
378,2023-01-24,23105.33,23162.2,22654,22994.84,279967.00403
379,2023-01-25,22994.9,23080.45,22300,22631.89,305417.7328
380,2023-01-26,22631.9,23816.73,22596.2,23078.84,363780.3065
381,2023-01-27,23078.84,23252.63,22534.88,23161.79,259692.54129
382,2023-01-28,23161.8,23500,22878.46,23006.84,185840.22651
383,2023-01-29,23006.36,23666,22942,23608.96,245676.51068
384,2023-01-30,23608.44,23960.54,22962.68,23123.95,305016.7054
385,2023-01-31,23124.76,23221.14,22500,23138.59,272972.48214
386,2023-02-01,23138.59,23320,22812.69,23105,245980.22479
387,2023-02-02,23104.99,24255,22760.23,24008,394601.94609
388,2023-02-03,24006.46,24114.23,23227.16,23422.29,371947.95536
389,2023-02-04,23423.17,23587.78,23204.62,23439.23,194677.23228
390,2023-02-05,23439.23,23454.94,22807.99,22885.73,195588.82932
391,2023-02-06,22886.48,23158.25,22628.13,22998.65,253706.44543
392,2023-02-07,22997.94,23350.25,22638,22793.63,287136.2864
393,2023-02-08,22793.63,23452,22665.85,22945.83,302279.29691
394,2023-02-09,22945.09,23011.39,22353.71,22539.93,339150.37196
395,2023-02-10,22538.5,22584.61,21520,21710.89,395888.78324
396,2023-02-11,21711.79,21799,21451,21680.3,197691.53994
397,2023-02-12,21680.3,22090,21618.23,21961.07,195421.8025
398,2023-02-13,21961.78,22031.09,21351.07,21585.18,291978.61445
399,2023-02-14,21585.18,22319.08,21532.77,22112.56,352219.71883
400,2023-02-15,22111.51,22943.17,22047.28,22871.52,311655.18646
401,2023-02-16,22872.28,25250,22830.54,24880.47,463096.08678
402,2023-02-17,24879.38,25040.32,23339.37,24353.57,490109.93581
403,2023-02-18,24353.57,25021.11,24051.73,24774.02,299704.01441
404,2023-02-19,24774.92,25192,24277.53,24456.21,272583.57357
405,2023-02-20,24457.25,25121.23,23840.83,24801.25,372980.77492
406,2023-02-21,24800.35,25250,24279.35,24637.58,344673.08354
407,2023-02-22,24636.72,24730.48,23574.69,23822.65,376768.27419
408,2023-02-23,23821.8,24599.59,23608,23832.59,411619.39213
409,2023-02-24,23831.44,24132.35,22940,23113.37,329929.50187
410,2023-02-25,23114.97,23332.79,22841.19,23021.63,212820.62376
411,2023-02-26,23022.18,23331.26,22722,23223.3,180933.03211
412,2023-02-27,23223.3,23897.99,23159.33,23203.88,299807.40588
413,2023-02-28,23203.88,23600,23106.77,23483.13,246272.80962
414,2023-03-01,23483.13,24000,23020.03,23677.93,326741.86959
415,2023-03-02,23677.28,23796.93,23195.9,23285.12,251344.67684
416,2023-03-03,23284.65,23567.52,21971.13,22382.39,320335.02493
417,2023-03-04,22382.39,22410,22147,22323.51,137672.61364
418,2023-03-05,22322.99,22662.09,22157.08,22440.27,155352.25358
419,2023-03-06,22440.27,22602.19,22258,22526.16,192425.15759
420,2023-03-07,22526.47,22557.91,21927,22269.83,272539.63319
421,2023-03-08,22269.83,22287.03,21840.13,21966.74,299353.53992
422,2023-03-09,21967.62,22133.75,21285.71,21321.95,319965.07421
423,2023-03-10,21320.89,21321.95,19549.09,19905.83,716239.89108
424,2023-03-11,19906.79,20686.51,19765.03,20269.9,445814.65708
425,2023-03-12,20270.63,20945.69,20145.01,20887.97,317464.90279
426,2023-03-13,20887.97,24500,20735.19,24148.79,783320.74
427,2023-03-14,24147.41,26386.87,23938,25526.66,617447.86539
428,2023-03-15,25524.9,25563.07,23896.95,24404.26,662444.09239
429,2023-03-16,24404.26,25066.32,24123,24720,450406.28767
430,2023-03-17,24719.98,26970,24623.52,26368.95,567535.59616
431,2023-03-18,26368.95,27756.84,26361.18,27314.37,453859.64057
432,2023-03-19,27314.37,28186.87,26810,27981.62,323635.18588
433,2023-03-20,27981.62,28472,27124.47,27846.35,509040.85595
434,2023-03-21,27848.35,28438.55,27303.1,28127.72,441870.96003
435,2023-03-22,28127.72,28868.05,27900,28470.01,200178.29407
436,2023-03-23,28470,28750,26601.8,28244.07,176766.25788
437,2023-03-24,28244.07,28456.2,27523.81,27736.05,92299.96218
438,2023-03-25,27736.05,27880.84,27000,27502.11,63380.83584
439,2023-03-26,27502.11,28194.4,27156.09,27821.17,51829.50623
440,2023-03-27,27821.17,28143,26508.14,27059.12,86230.2638
441,2023-03-28,27059.12,27255,26631.78,26902.4,70845.0317
442,2023-03-29,26902.41,28650,26861.82,28240.81,97102.93979
443,2023-03-30,28240.81,29184.68,27686,27883.63,95421.36882
444,2023-03-31,27883.64,28656.69,27511.71,28344.74,83599.95034
445,2023-04-01,28344.74,28819.71,28220.27,28344.57,35458.79761
446,2023-04-02,28344.58,28577,27927,28171.32,31762.25451
447,2023-04-03,28171.33,28500.99,27560,28094,65627.50179
448,2023-04-04,28094.01,28444.44,27200.24,28123.18,66900.19228
449,2023-04-05,28123.18,28775,27805.1,27962,60013.30311
450,2023-04-06,27962,28308.04,27711,28094.29,42023.32034
451,2023-04-07,28094.29,28121.87,27766.94,27924.98,27049.6513
452,2023-04-08,27924.97,28154.99,27839.02,27943.46,19015.62497
453,2023-04-09,27943.47,28083.45,27800,27925.24,21570.30245
454,2023-04-10,27925.25,29380,27918.78,29125.36,62550.00617
455,2023-04-11,29125.35,30430,29057.04,30178,75102.6874
456,2023-04-12,30178,30550,29637.4,29952.72,67598.69537
457,2023-04-13,29952.73,30595,29760.13,30427.17,50106.72083
458,2023-04-14,30427.18,31000,29966,30352.03,76968.5845
459,2023-04-15,30352.04,30595.6,30200.76,30280.69,29696.20216
460,2023-04-16,30280.68,30399.4,30120,30344.63,21424.98124
461,2023-04-17,30344.63,30549.99,29240.65,29522.15,58424.2104
462,2023-04-18,29522.14,30485,29096.78,30231.69,59721.52484
463,2023-04-19,30231.69,30450,29000,29292.94,73852.94097
464,2023-04-20,29292.93,29344.59,28260,28346.95,80361.74725
465,2023-04-21,28346.94,28391.83,27777.01,27936.34,72365.81005
466,2023-04-22,27936.33,27939.56,27125,27592.61,51695.48324
467,2023-04-23,27592.61,27882.72,27311.25,27431.28,34971.79591
468,2023-04-24,27431.29,28000,26942.82,27449.58,54148.88739
469,2023-04-25,27449.59,27736.99,27192,27695.55,39771.38422
470,2023-04-26,27695.56,30036,27478.22,29788.94,96219.78267
471,2023-04-27,29788.94,29808.69,27235,29629.26,126503.93587
472,2023-04-28,29629.25,29890,28891,29173.71,68764.55804
473,2023-04-29,29173.7,29448.88,29031,29188.17,24443.56876
474,2023-04-30,29188.18,29969.39,29079.59,29645.41,30343.2028
475,2023-05-01,29645.41,29645.51,28014.5,28212.73,60513.29107
476,2023-05-02,28212.74,28767.08,27666.95,28596.31,56395.85618
477,2023-05-03,28596.31,28879.88,28113.69,28517.92,53049.90628
478,2023-05-04,28517.93,29379.83,28211.08,28721.28,59525.59715
479,2023-05-05,28721.29,29677,28673.59,29493.43,56597.95116
480,2023-05-06,29493.43,29820,28300,28863.66,50817.87142
481,2023-05-07,28863.67,29138.29,28642,28902.08,27997.93984
482,2023-05-08,28902.09,28954.99,27310.07,27519.99,65396.94031
483,2023-05-09,27519.99,27818,27262,27612.36,44621.08311
484,2023-05-10,27612.36,28331.42,26777,27464.97,62972.62357
485,2023-05-11,27464.96,27982.23,26742.9,26894.85,53574.06613
486,2023-05-12,26894.86,27091.12,26120.74,26329.52,55253.77291
487,2023-05-13,26329.53,26983.98,25811.46,26827.42,37228.58177
488,2023-05-14,26827.43,27200,26560.53,26917.66,23943.46898
489,2023-05-15,26917.65,27663.59,26726,27390.56,38872.46557
490,2023-05-16,27390.56,27452.69,26852.11,27019.01,33799.08859
491,2023-05-17,27019.01,27238.55,26544.71,27144.87,36120.95073
492,2023-05-18,27144.87,27500,26361.2,26606,51781.31472
493,2023-05-19,26606,27183.6,26552.3,26884.78,34249.85716
494,2023-05-20,26884.78,27150,26780.73,27100.01,14125.9626
495,2023-05-21,27100.01,27277.55,26776.23,26865.07,20292.40903
496,2023-05-22,26865.08,27099.89,26538.21,26917,27939.71942
497,2023-05-23,26916.99,27495.83,26798.11,27126.99,37714.28647
498,2023-05-24,27127,27249.38,26080.5,26239.83,50086.73143
499,2023-05-25,26239.84,26499.99,25871.89,26401.99,39457.65445
500,2023-05-26,26402,26932.16,26327.24,26681.9,37068.70744
501,2023-05-27,26681.9,26822.88,26551,26744.75,16481.24905
502,2023-05-28,26744.74,27746.33,26702.63,27597.46,31893.2187
503,2023-05-29,27597.46,28447.14,27477.56,27703.06,52719.04005
504,2023-05-30,27703.07,28038.59,27554,27701.97,32340.89691
505,2023-05-31,27701.98,27862.84,26839.01,27073.74,46378.92022
506,2023-06-01,27073.75,27350,26605.05,27004.45,38150.04254
507,2023-06-02,27004.44,27240,26505,27023.79,35858.5073
508,2023-06-03,27023.8,27333.29,27006.22,27177.92,19416.74952
509,2023-06-04,27177.92,27298,26914.93,27197.56,16325.80524
510,2023-06-05,27197.56,27455.02,25471,25648.6,59508.38296
511,2023-06-06,25648.6,26780,25351.02,26747.34,61268.41745
512,2023-06-07,26747.33,27391.77,26236,26482.02,71668.83875
513,2023-06-08,26482.02,26810,26125.01,26488.75,35649.40912
514,2023-06-09,26488.74,26783.33,26269.91,26461.88,27658.52801
515,2023-06-10,26461.88,26533.87,25358,25618.94,61402.73469
516,2023-06-11,25618.93,26080.74,25536,25950.01,29657.0134
517,2023-06-12,25950.01,26206.88,25602.11,25798.93,34037.80708
518,2023-06-13,25798.93,26433.21,25712.57,25898.6,41134.68502
519,2023-06-14,25898.61,26098,25753.38,25878.66,23831.07774
520,2023-06-15,25878.67,26005.1,24800,25156.71,58599.04031
521,2023-06-16,25156.71,26518,25156.71,26371.53,57520.97751
522,2023-06-17,26371.54,26839.99,26181,26456.28,34238.97096
523,2023-06-18,26456.27,26680,26378.98,26600.79,17570.8031
524,2023-06-19,26600.8,27068.09,26255.85,26883.74,30697.54763
525,2023-06-20,26883.74,28100,26369.99,27984.73,60811.06244
526,2023-06-21,27984.73,30800,27788.13,30216.67,116079.16216
527,2023-06-22,30216.67,30500,29525.61,30033.79,65642.99559
528,2023-06-23,30033.79,31431.94,29800,30995.71,67262.83128
529,2023-06-24,30995.72,31040,30250,30670.14,39517.52684
530,2023-06-25,30670.15,31046.01,30345.98,30402.01,29795.25676
531,2023-06-26,30402,30666,29930,30102.2,44408.91746
532,2023-06-27,30102.2,30994.97,30070.42,30690,43516.49227
533,2023-06-28,30690,30737.99,30009,30242,36742.37391
534,2023-06-29,30242,30843.98,29858.8,30565.4,39038.15453
535,2023-06-30,30565.39,31282,29500,30424.99,88234.4911
536,2023-07-01,30424.99,30661.6,30288.01,30577.89,22679.80561
537,2023-07-02,30577.89,30693.14,30155,30467.19,18657.72425
538,2023-07-03,30467.19,31170,30425.47,30999.99,38411.74328
539,2023-07-04,30999.99,31380,30807,30922.01,38565.73437
540,2023-07-05,30922.01,30934.92,30200,30464.5,35487.37222
541,2023-07-06,30464.49,31500,29888,30271.76,66874.24418
542,2023-07-07,30271.76,30449,29701.02,30200.01,39455.87335
543,2023-07-08,30200,30386.81,30116,30206.31,13419.35291
544,2023-07-09,30206.31,30445.52,30044.47,30263.98,14865.18782
545,2023-07-10,30263.98,30379.29,29950,30344.87,25072.12837
546,2023-07-11,30344.87,31045.78,30190,30490,44176.72621
547,2023-07-12,30490.01,30983.25,30405,30498.47,35371.61554
548,2023-07-13,30498.48,31479.99,30210,31272.05,55493.57288
549,2023-07-14,31272.04,31804.2,30347.8,30395.99,60986.00816
550,2023-07-15,30395.99,30395.99,29900,30305.7,34308.35169
551,2023-07-16,30305.71,30441.46,30064.29,30325.99,14063.28368
552,2023-07-17,30325.99,30361,29920,30024.22,24865.54719
553,2023-07-18,30024.23,30285.71,29512,29923.54,35499.047
554,2023-07-19,29923.55,30189.09,29680.76,30018.69,24948.55264
555,2023-07-20,30018.7,30417.46,29570.96,29599.46,36238.89919
556,2023-07-21,29599.97,30041.13,29577.96,29997.5,24826.98058
557,2023-07-22,29997.49,30061.7,29770,29825.48,15937.76148
558,2023-07-23,29825.49,30190.05,29625.1,30118.15,15446.76766
559,2023-07-24,30118.16,30350,28861.9,29066.28,43011.99073
560,2023-07-25,29066.28,29340.57,29047.65,29277.99,21598.59601
561,2023-07-26,29277.98,29437.79,29096.94,29292.74,23702.33186
562,2023-07-27,29292.75,29690,29165,29180.58,31433.22023
563,2023-07-28,29180.58,29542.22,29083.85,29274.01,25970.14532
564,2023-07-29,29274.01,29406.92,29256.18,29300.28,11926.29786
565,2023-07-30,29300.27,29449,29232.22,29377.28,10931.43788
566,2023-07-31,29377.28,29530,29033.24,29206.01,24122.57866
567,2023-08-01,29206.01,29347.16,28585.7,29100.73,36384.91812
568,2023-08-02,29100.73,30047.5,28927.5,29114.15,56265.8085
569,2023-08-03,29114.15,29433.33,28968,29198.08,27034.30803
570,2023-08-04,29198.07,29361.14,29085.99,29113.75,21227.79262
571,2023-08-05,29113.75,29152.23,28807.54,29076.67,17070.70794
572,2023-08-06,29076.66,29142,28991.88,29092,11433.71936
573,2023-08-07,29092,29229.62,28701.03,29145.41,28072.51103
574,2023-08-08,29145.42,29950,29050.78,29880.76,39458.81492
575,2023-08-09,29880.77,30244,29443.22,29566.83,45806.13068
576,2023-08-10,29566.83,29738,29320.2,29444.36,25512.71305
577,2023-08-11,29444.35,29564.52,29252.45,29355.33,21130.31753
578,2023-08-12,29355.33,29481.35,29347.31,29433.11,9704.21261
579,2023-08-13,29433.11,29455.21,29328.21,29401.48,9055.69371
580,2023-08-14,29401.48,29695.32,29102.45,29362.45,31566.19019
581,2023-08-15,29362.44,29499.26,29260,29324.69,22882.47622
582,2023-08-16,29324.7,29348.11,28956,29220,30911.29146
583,2023-08-17,29220,29235,27700,27957.68,60521.01672
584,2023-08-18,27957.67,27975.59,25166,26050.52,109245.05489
585,2023-08-19,26050.51,26313.33,25801.09,26086.99,32865.99693
586,2023-08-20,26086.99,26217.52,25971.05,26144.01,18261.91901
587,2023-08-21,26144.01,26299,25812,26055.09,29500.5396
588,2023-08-22,26055.09,26258.42,25726.29,25846,26353.00303
589,2023-08-23,25846.01,26605,25300,26477.28,45664.1314
590,2023-08-24,26477.29,26819.27,25864,26034.77,36546.91382
591,2023-08-25,26034.78,26314.05,25777.15,25974.05,28862.70884
592,2023-08-26,25974.06,26125.77,25950,26017.77,12016.77794
593,2023-08-27,26017.76,26182.23,25966.11,26082.77,12007.04067
594,2023-08-28,26082.76,26253.99,25864.5,26133.7,20060.63555
595,2023-08-29,26133.69,28142.85,25918,27949.82,67841.99329
596,2023-08-30,27949.83,28020.73,27017.24,27135.52,42114.18992
597,2023-08-31,27135.52,27587.51,26133.94,26310.13,40411.76627
598,2023-09-01,26310.13,26330,25333.75,25480.11,47619.56714
599,2023-09-02,25480.12,25987.5,25456.84,25767.82,22097.88347
600,2023-09-03,25767.82,26085.01,25763.2,25924,15624.22639
601,2023-09-04,25924,26135,25717.04,25900.56,20427.36338
602,2023-09-05,25900.57,25948.15,25562.62,25715.27,24078.07677
603,2023-09-06,25715.27,26040,25372.51,25687.04,24838.54393
604,2023-09-07,25687.04,25977.75,25592.19,25878.28,20181.1859
605,2023-09-08,25878.28,26445.5,25647.26,25801.4,38073.05353
606,2023-09-09,25801.41,25945.09,25766.21,25854.35,13005.28365
607,2023-09-10,25854.34,25919.5,25650,25743.92,13402.56963
608,2023-09-11,25743.93,26033.66,24951,25197.49,41542.29287
609,2023-09-12,25197.49,26567,24901,25971.94,57481.98004
610,2023-09-13,25971.94,26405.22,25764.17,26130.33,34544.46725
611,2023-09-14,26130.32,26798.5,26055,26696.78,36156.88581
612,2023-09-15,26696.79,26860.49,26224,26350.3,24636.21345
613,2023-09-16,26350.3,26888,26331.99,26567.65,19242.35472
614,2023-09-17,26567.65,26623.25,26416.16,26506.56,11894.42777
615,2023-09-18,26506.56,27409,26377.35,26715.73,40132.93326
616,2023-09-19,26715.74,27483.57,26631,27130.68,37285.26964
617,2023-09-20,27130.68,27388.63,26936.79,27174.99,29445.25911
618,2023-09-21,27175,27300,26377.7,26642.5,40090.35723
619,2023-09-22,26642.51,26743.38,26468.77,26572.45,18945.31885
620,2023-09-23,26572.45,26635.73,26488,26624.81,10978.14735
621,2023-09-24,26624.81,26738.54,26423.97,26558.14,10537.13981
622,2023-09-25,26558.15,26640,25990.46,26315.59,29323.89722
623,2023-09-26,26315.59,26446.15,26088.34,26150.01,18664.57803
624,2023-09-27,26150.01,26850,26100,26232.46,34284.2705
625,2023-09-28,26232.46,27308.48,26226.91,27127.74,40280.70186
626,2023-09-29,27127.74,27244.89,26665.16,26823.88,33263.70329
627,2023-09-30,26823.88,27094.99,26823.54,27008.69,13385.66241
628,2023-10-01,27008.69,27289.08,26946.73,27090.94,15295.36102
629,2023-10-02,27090.93,28580,27033.1,28005,55440.42609
630,2023-10-03,28004.99,28053.66,27234.55,27388.89,36414.71365
631,2023-10-04,27388.89,27643.09,27160.5,27559.25,28483.51918
632,2023-10-05,27559.24,28120.39,27352,27429.67,34494.88114
633,2023-10-06,27429.67,28044.86,27175.94,27981.69,34540.87295
634,2023-10-07,27981.7,28295,27842.08,27921.8,17805.02736
635,2023-10-08,27921.8,28095.14,27687.5,27816.74,19189.71952
636,2023-10-09,27816.74,27987.93,27260,27660.93,31103.12388
637,2023-10-10,27660.92,27750.03,27329.62,27375.45,22584.68635
638,2023-10-11,27375.46,27477.39,26538.66,26637.56,35803.91401
639,2023-10-12,26637.56,26947.04,26555,26704.67,25708.31375
640,2023-10-13,26704.67,26966.85,26630.01,26756.03,19149.07801
641,2023-10-14,26756.03,27130,26723,26875.58,16732.59576
642,2023-10-15,26875.59,27017.44,26789,26986.17,9382.92347
643,2023-10-16,26986.16,30000,26986.07,28366.81,74702.81551
644,2023-10-17,28366.81,28808.51,28069.32,28438.34,44265.11469
645,2023-10-18,28438.34,28982.36,28142.87,28345.03,33559.27954
646,2023-10-19,28345.04,28916.89,28100.66,28638.13,34036.81939
647,2023-10-20,28638.13,30207.55,28578.29,29514.91,60103.75213
648,2023-10-21,29514.9,30379.99,29400,30092.52,27180.57323
649,2023-10-22,30092.52,30280,29640,29901.85,23930.13977
650,2023-10-23,29901.85,31317.22,29714.28,30986.01,55791.41023
651,2023-10-24,30986.02,35280,30777,33553.24,145431.21968
652,2023-10-25,33553.24,35132.85,33485.1,34531.74,58410.48318
653,2023-10-26,34531.74,34850.23,33751,34030.05,43042.23402
654,2023-10-27,34030.06,34278,33390.95,33440.1,32187.72678
655,2023-10-28,33440.1,34493.33,33401,34082.65,20393.40491
656,2023-10-29,34082.65,34744.38,33930,34716.85,17431.35684
657,2023-10-30,34716.84,34856,34062.84,34267,34250.99357
658,2023-10-31,34267.01,34600,34025,34370.9,29824.08785
659,2023-11-01,34370.89,35200,34097.39,34598.33,42172.89781
660,2023-11-02,34598.33,35984.99,34300,34817.02,59694.61812
661,2023-11-03,34817.02,35097.19,34120,34574.52,41178.34894
662,2023-11-04,34574.53,35000,34419.35,34740.3,17972.58149
663,2023-11-05,34740.3,35305.75,34708.54,35031.3,23263.76049
664,2023-11-06,35031.3,35380,34448,34875.26,25410.27984
665,2023-11-07,34875.25,35436.85,34523.06,35165.55,27385.72846
666,2023-11-08,35165.56,35888,35100,35378.97,33196.91665
667,2023-11-09,35378.97,37972.24,35378,36355.62,87439.31234
668,2023-11-10,36355.61,37455,36139.57,37240.1,45918.43325
669,2023-11-11,37240.11,37526,36900.1,37098.91,25471.38464
670,2023-11-12,37098.91,37222.22,36666.93,37129.72,19505.48702
671,2023-11-13,37129.72,37417.99,36534.04,36713.5,28540.10614
672,2023-11-14,36713.51,36875,35822,35942,36725.14185
673,2023-11-15,35941.99,37405,34800,37143.54,50084.08815
674,2023-11-16,37143.54,37980,36080,36271.15,53572.36103
675,2023-11-17,36271.14,36800,35500,36421.08,46447.03369
676,2023-11-18,36421.09,36845.49,36178.58,36634.34,19443.52851
677,2023-11-19,36634.34,36768,36384.02,36737.99,14535.31714
678,2023-11-20,36738,37750,36677,37552,39731.95996
679,2023-11-21,37552,37746,36250,36939.82,40247.79988
680,2023-11-22,36939.82,37170,35632.01,37104.97,43331.02184
681,2023-11-23,37104.98,37861.1,36870,37256.01,36032.58435
682,2023-11-24,37256.01,38414,37181.04,37776.45,42139.85953
683,2023-11-25,37776.45,37943.6,37570.52,37776.65,14698.47485
684,2023-11-26,37776.65,37888,37150,37214.91,18225.04893
685,2023-11-27,37214.9,37748,36707,37052.81,30351.95166
686,2023-11-28,37052.81,38240,36787.92,38105.49,30170.83246
687,2023-11-29,38105.49,38450,37570,37772.63,40867.4931
688,2023-11-30,37772.63,38145.85,37500,37806,26267.03746
689,2023-12-01,37806,38999,37604,38785.13,40975.71911
690,2023-12-02,38785.14,38900,38625.61,38873.4,17179.26965
691,2023-12-03,38873.41,39841.1,38775,39585.27,31397.25988
692,2023-12-04,39585.26,42154.83,39430.01,41664.96,75957.18443
693,2023-12-05,41664.96,43990,41414,43616.09,61115.3848
694,2023-12-06,43616.09,44488,43335.28,43918.06,63908.05305
695,2023-12-07,43918.06,44120,42821.1,43444,45304.82117
696,2023-12-08,43443.99,44030.16,43058.42,43868,41604.21833
697,2023-12-09,43868.01,44700,43720,43929.19,30994.0474
698,2023-12-10,43929.19,43995.01,43929.19,43964.95,295.88378
